,car_ID,turbo_aspiration,4doorcar,gas_car,front_engine_vehicle,CarName_alfa,CarName_audi,CarName_bmw,CarName_buick,CarName_chevrolet,CarName_dodge,CarName_honda,CarName_isuzu,CarName_jaguar,CarName_maxda,CarName_mazda,CarName_mercury,CarName_mitsubishi,CarName_nissan,CarName_peugeot,CarName_plymouth,CarName_porcshce,CarName_porsche,CarName_renault,CarName_saab,CarName_subaru,CarName_toyota,CarName_toyouta,CarName_vokswagen,CarName_volkswagen,CarName_volvo,CarName_vw,carbody_hardtop,carbody_hatchback,carbody_sedan,carbody_wagon,drivewheel_fwd,drivewheel_rwd,enginetype_dohcv,enginetype_l,enginetype_ohc,enginetype_ohcf,enginetype_ohcv,enginetype_rotor,cylindernumber_five,cylindernumber_four,cylindernumber_six,cylindernumber_three,cylindernumber_twelve,cylindernumber_two,fuelsystem_2bbl,fuelsystem_4bbl,fuelsystem_idi,fuelsystem_mfi,fuelsystem_mpfi,fuelsystem_spdi,fuelsystem_spfi,symboling,wheelbase,carlength,carwidth,carheight,curbweight,enginesize,boreratio,stroke,compressionratio,horsepower,peakrpm,citympg,highwaympg,price
0,1,0,0,1,1,1,0,0,0,0,0,0,0,0,0,0,0,0,0,0,0,0,0,0,0,0,0,0,0,0,0,0,0,0,0,0,0,1,0,0,0,0,0,0,0,1,0,0,0,0,0,0,0,0,1,0,0,0.4331707317073171,-0.2961103605205184,-0.07834728795049316,-0.15065040650406303,-0.410406504065044,-0.0029347764385323992,0.011670501610676488,0.10017421602787355,-0.27400696864111224,-0.07140853658536594,0.028678861788617914,-0.051070184171229424,-0.11720867208672085,-0.09871630295250318,0.005419031559214886
1,2,0,0,1,1,1,0,0,0,0,0,0,0,0,0,0,0,0,0,0,0,0,0,0,0,0,0,0,0,0,0,0,0,0,0,0,0,1,0,0,0,0,0,0,0,1,0,0,0,0,0,0,0,0,1,0,0,0.4331707317073171,-0.2961103605205184,-0.07834728795049316,-0.15065040650406303,-0.410406504065044,-0.0029347764385323992,0.011670501610676488,0.10017421602787355,-0.27400696864111224,-0.07140853658536594,0.028678861788617914,-0.051070184171229424,-0.11720867208672085,-0.09871630295250318,0.08001810806981516
2,3,0,0,1,1,1,0,0,0,0,0,0,0,0,0,0,0,0,0,0,0,0,0,0,0,0,0,0,0,0,0,0,0,1,0,0,0,1,0,0,0,0,1,0,0,0,1,0,0,0,0,0,0,0,1,0,0,0.03317073170731708,-0.12409869871293816,-0.04252639242810543,-0.03398373983739589,-0.11040650406504386,0.10373706219606807,0.09468936953520479,-0.4641114982578408,0.10218350754936394,-0.07140853658536594,0.2078455284552846,-0.051070184171229424,-0.1727642276422764,-0.1250320924261874,0.08001810806981516
3,4,0,1,1,1,0,1,0,0,0,0,0,0,0,0,0,0,0,0,0,0,0,0,0,0,0,0,0,0,0,0,0,0,0,1,0,1,0,0,0,1,0,0,0,0,1,0,0,0,0,0,0,0,0,1,0,0,0.2331707317073171,0.030420251724379486,0.03807062249726779,0.024349593495937683,0.04792682926828936,-0.08478116899089858,-0.06757478140819144,-0.09982578397212664,0.06885017421603047,-0.008908536585365945,-0.008821138211382085,0.1530114484818318,-0.03387533875338752,-0.01976893453145055,0.01671439921722591
4,5,0,1,1,1,0,1,0,0,0,0,0,0,0,0,0,0,0,0,0,0,0,0,0,0,0,0,0,0,0,0,0,0,0,1,0,0,0,0,0,1,0,0,0,1,0,0,0,0,0,0,0,0,0,1,0,0,0.2331707317073171,0.01875844414420481,0.03807062249726779,0.04101626016260459,0.04792682926828936,0.10412495979110298,0.034312011044638754,-0.09982578397212664,0.06885017421603047,-0.13390853658536594,0.045345528455284584,0.1530114484818318,-0.20054200542005418,-0.23029525032092424,0.10360184274038761
5,6,0,0,1,1,0,1,0,0,0,0,0,0,0,0,0,0,0,0,0,0,0,0,0,0,0,0,0,0,0,0,0,0,0,1,0,1,0,0,0,1,0,0,0,1,0,0,0,0,0,0,0,0,0,1,0,0,0.2331707317073171,0.030420251724379486,0.04851838369129789,0.03268292682927054,-0.052073170731710285,-0.018838577834963743,0.034312011044638754,-0.09982578397212664,0.06885017421603047,-0.10265853658536594,0.024512195121951248,0.1530114484818318,-0.1727642276422764,-0.1513478818998716,0.048986878240114544
6,7,0,1,1,1,0,1,0,0,0,0,0,0,0,0,0,0,0,0,0,0,0,0,0,0,0,0,0,0,0,0,0,0,0,1,0,1,0,0,0,1,0,0,0,1,0,0,0,0,0,0,0,0,0,1,0,0,0.03317073170731708,0.20534736542700333,0.2783691299599543,0.45768292682927125,0.1645934959349565,0.11188291169180119,0.034312011044638754,-0.09982578397212664,0.06885017421603047,-0.10265853658536594,0.024512195121951248,0.1530114484818318,-0.1727642276422764,-0.1513478818998716,0.11005633854496534
7,8,0,1,1,1,0,1,0,0,0,0,0,0,0,0,0,0,0,0,0,0,0,0,0,0,0,0,0,0,0,0,0,0,0,0,1,1,0,0,0,1,0,0,0,1,0,0,0,0,0,0,0,0,0,1,0,0,0.03317073170731708,0.20534736542700333,0.2783691299599543,0.45768292682927125,0.1645934959349565,0.15455164714564137,0.034312011044638754,-0.09982578397212664,0.06885017421603047,-0.10265853658536594,0.024512195121951248,0.1530114484818318,-0.1727642276422764,-0.1513478818998716,0.14009456902011555
8,9,1,1,1,1,0,1,0,0,0,0,0,0,0,0,0,0,0,0,0,0,0,0,0,0,0,0,0,0,0,0,0,0,0,1,0,1,0,0,0,1,0,0,0,1,0,0,0,0,0,0,0,0,0,1,0,0,0.03317073170731708,0.20534736542700333,0.2783691299599543,0.45768292682927125,0.1812601626016228,0.20575412969024962,0.015444086516336865,-0.14268292682926953,0.06885017421603047,-0.1151585365853659,0.14951219512195124,0.1530114484818318,-0.22831978319783197,-0.28292682926829266,0.2631023640650488
9,10,1,0,1,1,0,1,0,0,0,0,0,0,0,0,0,0,0,0,0,0,0,0,0,0,0,0,0,0,0,0,0,0,1,0,0,0,0,0,0,1,0,0,0,1,0,0,0,0,0,0,0,0,0,1,0,0,-0.1668292682926829,0.021673896039248377,0.061951219512193074,0.1660162601626046,-0.14373983739837706,0.19295350905409756,0.015444086516336865,-0.14268292682926953,0.06885017421603047,-0.19640853658536594,0.23284552845528458,0.1530114484818318,-0.25609756097560976,-0.23029525032092424,0.11375940691297094
10,11,0,0,1,1,0,0,1,0,0,0,0,0,0,0,0,0,0,0,0,0,0,0,0,0,0,0,0,0,0,0,0,0,0,1,0,0,1,0,0,1,0,0,0,0,1,0,0,0,0,0,0,0,0,1,0,0,0.2331707317073171,0.07123657825499188,0.04105569712413371,-0.09231707317072946,0.04792682926828936,-0.06228310847887375,-0.07134836631385182,0.12160278745644484,-0.21686411149825527,-0.0839085365853659,-0.012987804878048752,0.27546042807366855,-0.06165311653116529,-0.04608472400513476,0.07828035919935192
11,12,0,1,1,1,0,0,1,0,0,0,0,0,0,0,0,0,0,0,0,0,0,0,0,0,0,0,0,0,0,0,0,0,0,1,0,0,1,0,0,1,0,0,0,0,1,0,0,0,0,0,0,0,0,1,0,0,-0.1668292682926829,0.07123657825499188,0.04105569712413371,-0.09231707317072946,0.04792682926828936,-0.06228310847887375,-0.07134836631385182,0.12160278745644484,-0.21686411149825527,-0.0839085365853659,-0.012987804878048752,0.27546042807366855,-0.06165311653116529,-0.04608472400513476,0.09056872621191336
12,13,0,0,1,1,0,0,1,0,0,0,0,0,0,0,0,0,0,0,0,0,0,0,0,0,0,0,0,0,0,0,0,0,0,1,0,0,1,0,0,1,0,0,0,0,0,1,0,0,0,0,0,0,0,1,0,0,-0.1668292682926829,0.07123657825499188,0.04105569712413371,-0.09231707317072946,0.04792682926828936,0.05990463395712315,0.1399723884031293,-0.014111498257840844,-0.03114982578396951,-0.07140853658536594,0.07034552845528458,-0.3571926331508213,-0.11720867208672085,-0.07240051347881897,0.19098578594082455
13,14,0,1,1,1,0,0,1,0,0,0,0,0,0,0,0,0,0,0,0,0,0,0,0,0,0,0,0,0,0,0,0,0,0,1,0,0,1,0,0,1,0,0,0,0,0,1,0,0,0,0,0,0,0,1,0,0,-0.1668292682926829,0.07123657825499188,0.04105569712413371,-0.09231707317072946,0.04792682926828936,0.08123900168404324,0.1399723884031293,-0.014111498257840844,-0.03114982578396951,-0.07140853658536594,0.07034552845528458,-0.3571926331508213,-0.11720867208672085,-0.07240051347881897,0.1943371587624322
14,15,0,1,1,1,0,0,1,0,0,0,0,0,0,0,0,0,0,0,0,0,0,0,0,0,0,0,0,0,0,0,0,0,0,1,0,0,1,0,0,1,0,0,0,0,0,1,0,0,0,0,0,0,0,1,0,0,0.03317073170731708,0.13829197184099762,0.2231452493629395,0.08268292682927125,0.1645934959349565,0.19372930424416737,0.1399723884031293,-0.014111498257840844,-0.03114982578396951,-0.07140853658536594,0.07034552845528458,-0.3571926331508213,-0.14498644986449863,-0.1513478818998716,0.2802316029310435
15,16,0,1,1,1,0,0,1,0,0,0,0,0,0,0,0,0,0,0,0,0,0,0,0,0,0,0,0,0,0,0,0,0,0,1,0,0,1,0,0,1,0,0,0,0,0,1,0,0,0,0,0,0,0,1,0,0,-0.1668292682926829,0.13829197184099762,0.2231452493629395,0.08268292682927125,0.1645934959349565,0.26161138337527673,0.3097837091578463,0.20731707317073064,0.06408826945412581,-0.13390853658536594,0.32451219512195123,0.11219512195121956,-0.25609756097560976,-0.23029525032092424,0.43402237796703974
16,17,0,0,1,1,0,0,1,0,0,0,0,0,0,0,0,0,0,0,0,0,0,0,0,0,0,0,0,0,0,0,0,0,0,1,0,0,1,0,0,1,0,0,0,0,0,1,0,0,0,0,0,0,0,1,0,0,-0.1668292682926829,0.13829197184099762,0.2947870404077158,0.1660162601626046,-0.0020731707317101686,0.3197960226305134,0.3097837091578463,0.20731707317073064,0.06408826945412581,-0.13390853658536594,0.32451219512195123,0.11219512195121956,-0.25609756097560976,-0.23029525032092424,0.6960500826490317
17,18,0,1,1,1,0,0,1,0,0,0,0,0,0,0,0,0,0,0,0,0,0,0,0,0,0,0,0,0,0,0,0,0,0,1,0,0,1,0,0,1,0,0,0,0,0,1,0,0,0,0,0,0,0,1,0,0,-0.1668292682926829,0.3277963450188401,0.3425482344375664,0.41601626016260457,0.21459349593495602,0.36828322200987723,0.3097837091578463,0.20731707317073064,0.06408826945412581,-0.13390853658536594,0.32451219512195123,0.11219512195121956,-0.2838753387533875,-0.28292682926829266,0.585951279213254
18,19,0,0,1,1,0,0,0,0,1,0,0,0,0,0,0,0,0,0,0,0,0,0,0,0,0,0,0,0,0,0,0,0,1,0,0,1,0,0,1,0,0,0,0,0,0,0,1,0,0,1,0,0,0,0,0,0,0.2331707317073171,-0.3019412643106056,-0.4917801237713889,-0.46731707317072946,-0.043739837398376835,-0.41410622717553786,-0.24870685687988955,-0.2998257839721265,-0.10734030197444576,-0.040158536585365945,-0.2338211382113821,-0.010253857640617177,0.6050135501355014,0.5854942233632863,-0.20172063380000263
19,20,0,0,1,1,0,0,0,0,1,0,0,0,0,0,0,0,0,0,0,0,0,0,0,0,0,0,0,0,0,0,0,0,1,0,0,1,0,0,0,1,0,0,0,0,1,0,0,0,0,1,0,0,0,0,0,0,0.03317073170731708,-0.12409869871293816,-0.27088460138332904,-0.1923170731707291,-0.14373983739837706,-0.26437775549206227,-0.1392728946157386,-0.21411149825784104,-0.06924506387920763,-0.03390853658536597,-0.14215447154471542,0.11219512195121956,0.3550135501355014,0.3223363286264442,-0.17332085225986063
20,21,0,1,1,1,0,0,0,0,1,0,0,0,0,0,0,0,0,0,0,0,0,0,0,0,0,0,0,0,0,0,0,0,0,1,0,1,0,0,0,1,0,0,0,0,1,0,0,0,0,1,0,0,0,0,0,0,-0.1668292682926829,-0.12409869871293816,-0.22760101929377674,-0.1923170731707291,-0.14373983739837706,-0.2508013396658404,-0.1392728946157386,-0.21411149825784104,-0.06924506387920763,-0.03390853658536597,-0.14215447154471542,0.11219512195121956,0.3550135501355014,0.3223363286264442,-0.1663698567780077
21,22,0,0,1,1,0,0,0,0,0,1,0,0,0,0,0,0,0,0,0,0,0,0,0,0,0,0,0,0,0,0,0,0,1,0,0,1,0,0,0,1,0,0,0,0,1,0,0,0,0,1,0,0,0,0,0,0,0.03317073170731708,-0.14742231387328794,-0.24998907899526926,-0.1756504065040628,-0.24373983739837732,-0.26360196030199246,-0.1392728946157386,-0.25696864111498363,-0.012102206736350445,-0.045783536585365936,-0.15048780487804875,0.1530114484818318,0.3272357723577236,0.26970474967907576,-0.19126931559335947
22,23,0,0,1,1,0,0,0,0,0,1,0,0,0,0,0,0,0,0,0,0,0,0,0,0,0,0,0,0,0,0,0,0,1,0,0,1,0,0,0,1,0,0,0,0,1,0,0,0,0,1,0,0,0,0,0,0,0.03317073170731708,-0.14742231387328794,-0.24998907899526926,-0.1756504065040628,-0.24373983739837732,-0.26360196030199246,-0.1392728946157386,-0.25696864111498363,-0.012102206736350445,-0.04640853658536592,-0.15048780487804875,0.1530114484818318,0.16056910569105692,0.19075738125802313,-0.17128520358303226
23,24,1,0,1,1,0,0,0,0,0,1,0,0,0,0,0,0,0,0,0,0,0,0,0,0,0,0,0,0,0,0,0,0,1,0,0,1,0,0,0,1,0,0,0,0,1,0,0,0,0,0,0,0,0,1,0,0,0.03317073170731708,-0.14742231387328794,-0.24998907899526926,-0.1756504065040628,-0.24373983739837732,-0.16585176635319493,-0.10908421537045558,-0.21411149825784104,0.06408826945412581,-0.15890853658536597,-0.008821138211382085,0.1530114484818318,-0.03387533875338752,-0.01976893453145055,-0.1320617290782907
24,25,0,1,1,1,0,0,0,0,0,1,0,0,0,0,0,0,0,0,0,0,0,0,0,0,0,0,0,0,0,0,0,0,1,0,0,1,0,0,0,1,0,0,0,0,1,0,0,0,0,1,0,0,0,0,0,0,0.03317073170731708,-0.14742231387328794,-0.24998907899526926,-0.1756504065040628,-0.2604065040650436,-0.22830327915381557,-0.1392728946157386,-0.25696864111498363,-0.012102206736350445,-0.04640853658536592,-0.15048780487804875,0.1530114484818318,0.16056910569105692,0.19075738125802313,-0.17495930119486883
25,26,0,1,1,1,0,0,0,0,0,1,0,0,0,0,0,0,0,0,0,0,0,0,0,0,0,0,0,0,0,0,0,0,0,1,0,1,0,0,0,1,0,0,0,0,1,0,0,0,0,1,0,0,0,0,0,0,0.03317073170731708,-0.14742231387328794,-0.24998907899526926,-0.1756504065040628,-0.2604065040650436,-0.21976953206304753,-0.1392728946157386,-0.25696864111498363,-0.012102206736350445,-0.04640853658536592,-0.15048780487804875,0.1530114484818318,0.16056910569105692,0.19075738125802313,-0.1634653336659477
26,27,0,1,1,1,0,0,0,0,0,1,0,0,0,0,0,0,0,0,0,0,0,0,0,0,0,0,0,0,0,0,0,0,0,1,0,1,0,0,0,1,0,0,0,0,1,0,0,0,0,1,0,0,0,0,0,0,0.03317073170731708,-0.14742231387328794,-0.24998907899526926,-0.1756504065040628,-0.2604065040650436,-0.21976953206304753,-0.1392728946157386,-0.25696864111498363,-0.012102206736350445,-0.04640853658536592,-0.15048780487804875,0.1530114484818318,0.16056910569105692,0.19075738125802313,-0.14070082346287935
27,28,1,0,1,1,0,0,0,0,0,1,0,0,0,0,0,0,0,0,0,0,0,0,0,0,0,0,0,0,0,0,0,0,0,1,0,1,0,0,0,1,0,0,0,0,1,0,0,0,0,0,0,0,0,1,0,0,0.03317073170731708,-0.14742231387328794,-0.24998907899526926,-0.1756504065040628,-0.2604065040650436,-0.14141421786599556,-0.10908421537045558,-0.21411149825784104,0.06408826945412581,-0.15890853658536597,-0.008821138211382085,0.1530114484818318,-0.03387533875338752,-0.01976893453145055,-0.11714191377617064
28,29,0,1,1,1,0,0,0,0,0,1,0,0,0,0,0,0,0,0,0,0,0,0,0,0,0,0,0,0,0,0,0,0,0,0,1,1,0,0,0,1,0,0,0,0,1,0,0,0,0,1,0,0,0,0,0,0,-0.3668292682926829,0.13246106805091007,0.00821987622861107,-0.10898373983739636,0.5062601626016227,-0.00797744517398624,-0.01851817763460653,0.007317073170730446,0.09742160278745907,-0.10265853658536594,-0.06715447154471542,-0.051070184171229424,-0.03387533875338752,-0.01976893453145055,-0.10813044463362559
29,30,1,0,1,1,0,0,0,0,0,1,0,0,0,0,0,0,0,0,0,0,0,0,0,0,0,0,0,0,0,0,0,0,1,0,0,1,0,0,0,1,0,0,0,0,1,0,0,0,0,0,0,0,1,0,0,0,0.4331707317073171,-0.08328237218232577,-0.012675646159448715,0.03268292682927054,-0.29373983739837684,0.09908229105564914,0.1097837091578463,0.19303135888501632,0.30694541231126854,-0.19640853658536594,0.17034552845528458,-0.051070184171229424,-0.1727642276422764,-0.17766367137355582,-0.007763034872441933
30,31,0,0,1,1,0,0,0,0,0,0,1,0,0,0,0,0,0,0,0,0,0,0,0,0,0,0,0,0,0,0,0,0,1,0,0,1,0,0,0,1,0,0,0,0,1,0,0,0,0,0,0,0,0,0,0,0,0.2331707317073171,-0.3544193984213931,-0.4395413178012397,-0.16731707317072933,-0.24373983739837732,-0.3268292682926829,-0.13172572480441785,-0.2998257839721265,0.07361207897793534,-0.03390853658536597,-0.1921544715447154,-0.1327028372324539,0.660569105691057,0.6118100128369705,-0.1687530552289287
31,32,0,0,1,1,0,0,0,0,0,0,1,0,0,0,0,0,0,0,0,0,0,0,0,0,0,0,0,0,0,0,0,0,1,0,0,1,0,0,0,1,0,0,0,0,1,0,0,0,0,0,0,0,0,0,0,0,0.2331707317073171,-0.3544193984213931,-0.4395413178012397,-0.16731707317072933,-0.24373983739837732,-0.2857121232189824,-0.13172572480441785,-0.2998257839721265,0.07361207897793534,-0.05890853658536599,-0.11715447154471542,0.357093081134893,0.16056910569105692,0.19075738125802313,-0.15941886129615476
32,33,0,0,1,1,0,0,0,0,0,0,1,0,0,0,0,0,0,0,0,0,0,0,0,0,0,0,0,0,0,0,0,0,1,0,0,1,0,0,0,1,0,0,0,0,1,0,0,0,0,0,0,0,0,0,0,0,0.03317073170731708,-0.14742231387328794,-0.3589443028758665,-0.1589837398373959,-0.09373983739837695,-0.27872996650835397,-0.18078232857800275,-0.2998257839721265,-0.0882926829268267,-0.002658536585365967,-0.18382113821138207,0.1530114484818318,0.3550135501355014,0.29602053915276,-0.19556403780179002
33,34,0,0,1,1,0,0,0,0,0,0,1,0,0,0,0,0,0,0,0,0,0,0,0,0,0,0,0,0,0,0,0,0,1,0,0,1,0,0,0,1,0,0,0,0,1,0,0,0,0,0,0,0,0,0,0,0,0.03317073170731708,-0.14742231387328794,-0.3589443028758665,-0.1589837398373959,-0.09373983739837695,-0.23877651421975815,-0.13172572480441785,-0.2998257839721265,0.07361207897793534,-0.05890853658536599,-0.11715447154471542,0.357093081134893,0.13279132791327916,0.0854942233632863,-0.16751180603574067
34,35,0,0,1,1,0,0,0,0,0,0,1,0,0,0,0,0,0,0,0,0,0,0,0,0,0,0,0,0,0,0,0,0,1,0,0,1,0,0,0,1,0,0,0,0,1,0,0,0,0,0,0,0,0,0,0,0,0.03317073170731708,-0.14742231387328794,-0.3589443028758665,-0.1589837398373959,-0.09373983739837695,-0.2325701526991996,-0.13172572480441785,-0.2998257839721265,0.07361207897793534,-0.05890853658536599,-0.11715447154471542,0.357093081134893,0.13279132791327916,0.0854942233632863,-0.1526168157174844
35,36,0,1,1,1,0,0,0,0,0,0,1,0,0,0,0,0,0,0,0,0,0,0,0,0,0,0,0,0,0,0,0,0,0,1,0,1,0,0,0,1,0,0,0,0,1,0,0,0,0,0,0,0,0,0,0,0,-0.1668292682926829,-0.06578966081206354,-0.15894430287586636,-0.1589837398373959,0.06459349593495627,-0.2116236825673144,-0.13172572480441785,-0.2998257839721265,0.07361207897793534,-0.05890853658536599,-0.11715447154471542,0.357093081134893,0.13279132791327916,0.0854942233632863,-0.14849586839610016
36,37,0,1,1,1,0,0,0,0,0,0,1,0,0,0,0,0,0,0,0,0,0,0,0,0,0,0,0,0,0,0,0,0,0,0,1,1,0,0,0,1,0,0,0,0,1,0,0,0,0,0,0,0,0,0,0,0,-0.1668292682926829,-0.06578966081206354,-0.2529741536221352,-0.16731707317072933,0.3812601626016227,-0.20619311623682565,-0.13172572480441785,-0.2926829268292695,0.07361207897793534,-0.05890853658536599,-0.11715447154471542,0.357093081134893,0.13279132791327916,0.0854942233632863,-0.14849586839610016
37,38,0,0,1,1,0,0,0,0,0,0,1,0,0,0,0,0,0,0,0,0,0,0,0,0,0,0,0,0,0,0,0,0,1,0,0,1,0,0,0,1,0,0,0,0,1,0,0,0,0,0,0,0,0,0,0,0,-0.1668292682926829,-0.06578966081206354,-0.09775027302512018,-0.05898373983739565,-0.035406504065043976,-0.12395882608942456,-0.06380119650253106,-0.12839721254355524,0.15456445993031626,-0.07140853658536594,-0.07548780487804875,0.27546042807366855,0.04945799457994582,0.05917843388960208,-0.13360087807784385
38,39,0,0,1,1,0,0,0,0,0,0,1,0,0,0,0,0,0,0,0,0,0,0,0,0,0,0,0,0,0,0,0,0,1,0,0,1,0,0,0,1,0,0,0,0,1,0,0,0,0,0,0,0,0,0,0,0,-0.1668292682926829,-0.06578966081206354,-0.09775027302512018,-0.05898373983739565,-0.035406504065043976,-0.10340025355257429,-0.06380119650253106,-0.12839721254355524,0.15456445993031626,-0.07140853658536594,-0.07548780487804875,0.27546042807366855,0.04945799457994582,0.05917843388960208,-0.10381089744133126
39,40,0,1,1,1,0,0,0,0,0,0,1,0,0,0,0,0,0,0,0,0,0,0,0,0,0,0,0,0,0,0,0,0,0,1,0,1,0,0,0,1,0,0,0,0,1,0,0,0,0,0,0,0,0,0,0,0,-0.1668292682926829,-0.06578966081206354,0.020160174736073927,-0.05898373983739565,0.031260162601623044,-0.09758178962705064,-0.06380119650253106,-0.12839721254355524,0.15456445993031626,-0.07140853658536594,-0.07548780487804875,0.27546042807366855,0.04945799457994582,0.05917843388960208,-0.11001714340727138
40,41,0,1,1,1,0,0,0,0,0,0,1,0,0,0,0,0,0,0,0,0,0,0,0,0,0,0,0,0,0,0,0,0,0,1,0,1,0,0,0,1,0,0,0,0,1,0,0,0,0,0,0,0,0,0,0,0,-0.1668292682926829,-0.06578966081206354,0.020160174736073927,-0.2839837398373959,0.031260162601623044,-0.0712047531646767,-0.06380119650253106,-0.12839721254355524,0.15456445993031626,-0.07140853658536594,-0.07548780487804875,0.27546042807366855,0.04945799457994582,0.05917843388960208,-0.07402091680481868
41,42,0,1,1,1,0,0,0,0,0,0,1,0,0,0,0,0,0,0,0,0,0,0,0,0,0,0,0,0,0,0,0,0,0,1,0,1,0,0,0,1,0,0,0,0,1,0,0,0,0,0,0,0,0,1,0,0,-0.1668292682926829,-0.06578966081206354,0.020160174736073927,-0.05898373983739565,0.031260162601623044,-0.035130276826429996,-0.06380119650253106,-0.12839721254355524,0.15456445993031626,-0.07140853658536594,-0.012987804878048752,0.27546042807366855,-0.03387533875338752,-0.07240051347881897,-0.008234709565853383
42,43,0,0,1,1,0,0,0,0,0,0,1,0,0,0,0,0,0,0,0,0,0,0,0,0,0,0,0,0,0,0,0,0,0,1,0,1,0,0,0,1,0,0,0,0,1,0,0,0,0,1,0,0,0,0,0,0,0.03317073170731708,-0.06578966081206354,-0.0738696760101949,0.007682926829270779,-0.2270731707317104,-0.10184866317243466,-0.06380119650253106,-0.12839721254355524,0.15456445993031626,-0.06515853658536597,-0.01715447154471542,0.1530114484818318,-0.006097560975609737,0.006546854942233662,-0.07277966761163066
43,44,0,1,1,1,0,0,0,0,0,0,0,1,0,0,0,0,0,0,0,0,0,0,0,0,0,0,0,0,0,0,0,0,0,1,0,0,1,0,0,1,0,0,0,0,1,0,0,0,0,1,0,0,0,0,0,0,-0.1668292682926829,-0.1299296025030257,-0.04998907899526961,-0.34231707317072946,-0.018739837398377073,-0.08478116899089858,-0.06002761159687068,-0.014111498257840844,-0.012102206736350445,-0.10265853658536594,-0.10882113821138209,-0.1327028372324539,-0.03387533875338752,-0.04608472400513476,-0.161156610166618
44,45,0,0,1,1,0,0,0,0,0,0,0,1,0,0,0,0,0,0,0,0,0,0,0,0,0,0,0,0,0,0,0,0,0,1,0,1,0,0,0,1,0,0,0,0,1,0,0,0,0,1,0,0,0,0,0,0,0.03317073170731708,-0.12409869871293816,-0.27088460138332904,-0.1923170731707291,-0.14373983739837706,-0.26437775549206227,-0.1392728946157386,-0.21411149825784104,-0.06924506387920763,-0.03390853658536597,-0.14215447154471542,0.11219512195121956,0.3550135501355014,0.3223363286264442,-0.1082421570610125
45,46,0,1,1,1,0,0,0,0,0,0,0,1,0,0,0,0,0,0,0,0,0,0,0,0,0,0,0,0,0,0,0,0,0,1,0,1,0,0,0,1,0,0,0,0,1,0,0,0,0,1,0,0,0,0,0,0,-0.1668292682926829,-0.12409869871293816,-0.27088460138332904,-0.1923170731707291,-0.14373983739837706,-0.2508013396658404,-0.1392728946157386,-0.21411149825784104,-0.06924506387920763,-0.03390853658536597,-0.14215447154471542,0.11219512195121956,0.3550135501355014,0.3223363286264442,-0.1082421570610125
46,47,0,0,1,1,0,0,0,0,0,0,0,1,0,0,0,0,0,0,0,0,0,0,0,0,0,0,0,0,0,0,0,0,1,0,0,0,1,0,0,1,0,0,0,0,1,0,0,0,0,0,0,0,0,0,0,1,0.2331707317073171,-0.0803669202872822,-0.021630870040045644,-0.05898373983739565,-0.1937398373983772,0.069214176237961,-0.029838932351587664,0.07160278745644495,-0.012102206736350445,-0.05890853658536599,-0.05882113821138209,-0.051070184171229424,-0.03387533875338752,-0.04608472400513476,-0.05532770395540703
47,48,0,1,1,1,0,0,0,0,0,0,0,0,1,0,0,0,0,0,0,0,0,0,0,0,0,0,0,0,0,0,0,0,0,1,0,0,1,0,0,0,0,0,0,0,0,1,0,0,0,0,0,0,0,1,0,0,-0.1668292682926829,0.41525990187015205,0.38135420458682,0.3076829268292703,-0.07707317073171065,0.5858937728244622,0.4946893695352048,0.21445993031358762,0.43551684088269715,-0.12765853658536597,0.29951219512195126,-0.15311100049776002,-0.2838753387533875,-0.30924261874197684,0.47101160392404284
48,49,0,1,1,1,0,0,0,0,0,0,0,0,1,0,0,0,0,0,0,0,0,0,0,0,0,0,0,0,0,0,0,0,0,1,0,0,1,0,0,0,0,0,0,0,0,1,0,0,0,0,0,0,0,1,0,0,-0.1668292682926829,0.41525990187015205,0.38135420458682,0.3076829268292703,-0.07707317073171065,0.5858937728244622,0.4946893695352048,0.21445993031358762,0.43551684088269715,-0.12765853658536597,0.29951219512195126,-0.15311100049776002,-0.2838753387533875,-0.30924261874197684,0.5529340506744524
49,50,0,0,1,1,0,0,0,0,0,0,0,0,1,0,0,0,0,0,0,0,0,0,0,0,0,0,0,0,0,0,0,0,0,1,0,0,1,0,0,0,0,1,0,0,0,0,0,1,0,0,0,0,0,1,0,0,-0.1668292682926829,0.09456019341534165,0.26344375682562593,0.39101626016260366,-0.4937398373983773,0.5408976518004125,0.7512931431201104,0.15017421602787343,-0.23591173054587433,0.08484146341463406,0.6578455284552845,-0.051070184171229424,-0.3394308943089431,-0.3618741976893453,0.5641052934131446
50,51,0,0,1,1,0,0,0,0,0,0,0,0,0,1,0,0,0,0,0,0,0,0,0,0,0,0,0,0,0,0,0,0,1,0,0,1,0,0,0,1,0,0,0,0,1,0,0,0,0,1,0,0,0,0,0,0,0.03317073170731708,-0.16491502524355056,-0.2231234073534785,-0.14231707317072897,0.031260162601623044,-0.2581713939715037,-0.13549930971007823,-0.21411149825784104,-0.05019744483158857,-0.07140853658536594,-0.15048780487804875,-0.051070184171229424,0.13279132791327916,0.006546854942233662,-0.20062833450999717
51,52,0,0,1,1,0,0,0,0,0,0,0,0,0,1,0,0,0,0,0,0,0,0,0,0,0,0,0,0,0,0,0,0,1,0,0,1,0,0,0,1,0,0,0,0,1,0,0,0,0,1,0,0,0,0,0,0,0.03317073170731708,-0.16491502524355056,-0.2231234073534785,-0.14231707317072897,0.031260162601623044,-0.2542924180211546,-0.13549930971007823,-0.21411149825784104,-0.05019744483158857,-0.07140853658536594,-0.15048780487804875,-0.051070184171229424,0.16056910569105692,0.19075738125802313,-0.17828584903261274
52,53,0,0,1,1,0,0,0,0,0,0,0,0,0,0,1,0,0,0,0,0,0,0,0,0,0,0,0,0,0,0,0,0,1,0,0,1,0,0,0,1,0,0,0,0,1,0,0,0,0,1,0,0,0,0,0,0,0.03317073170731708,-0.16491502524355056,-0.2231234073534785,-0.14231707317072897,0.031260162601623044,-0.25235293004598003,-0.13549930971007823,-0.21411149825784104,-0.05019744483158857,-0.07140853658536594,-0.15048780487804875,-0.051070184171229424,0.16056910569105692,0.19075738125802313,-0.1609083603279804
53,54,0,1,1,1,0,0,0,0,0,0,0,0,0,0,1,0,0,0,0,0,0,0,0,0,0,0,0,0,0,0,0,0,0,1,0,1,0,0,0,1,0,0,0,0,1,0,0,0,0,1,0,0,0,0,0,0,0.03317073170731708,-0.16491502524355056,-0.10819803421914986,-0.14231707317072897,0.031260162601623044,-0.2368370262445836,-0.13549930971007823,-0.21411149825784104,-0.05019744483158857,-0.07140853658536594,-0.15048780487804875,-0.051070184171229424,0.16056910569105692,0.19075738125802313,-0.16339085871435644
54,55,0,1,1,1,0,0,0,0,0,0,0,0,0,0,1,0,0,0,0,0,0,0,0,0,0,0,0,0,0,0,0,0,0,1,0,1,0,0,0,1,0,0,0,0,1,0,0,0,0,1,0,0,0,0,0,0,0.03317073170731708,-0.16491502524355056,-0.10819803421914986,-0.14231707317072897,0.031260162601623044,-0.23489753826940904,-0.13549930971007823,-0.17839721254355512,-0.05019744483158857,-0.07140853658536594,-0.15048780487804875,-0.051070184171229424,0.16056910569105692,0.19075738125802313,-0.14601337000972409
55,56,0,0,1,1,0,0,0,0,0,0,0,0,0,0,1,0,0,0,0,0,0,0,0,0,0,0,0,0,0,0,0,0,1,0,0,0,1,0,0,0,0,0,1,0,0,0,0,0,1,0,1,0,0,0,0,0,0.4331707317073171,-0.10077508355258841,-0.07536221332362765,-0.017317073170728985,-0.34373983739837694,-0.06810157240439742,-0.21474459272894617,0.0001742160278734544,-0.0001974448315885827,-0.04640853658536592,-0.012987804878048752,0.357093081134893,-0.22831978319783197,-0.20397946084724003,-0.05788467729337436
56,57,0,0,1,1,0,0,0,0,0,0,0,0,0,0,1,0,0,0,0,0,0,0,0,0,0,0,0,0,0,0,0,0,1,0,0,0,1,0,0,0,0,0,1,0,0,0,0,0,1,0,1,0,0,0,0,0,0.4331707317073171,-0.10077508355258841,-0.07536221332362765,-0.017317073170728985,-0.34373983739837694,-0.06810157240439742,-0.21474459272894617,0.0001742160278734544,-0.0001974448315885827,-0.04640853658536592,-0.012987804878048752,0.357093081134893,-0.22831978319783197,-0.20397946084724003,-0.03554219181598992
57,58,0,0,1,1,0,0,0,0,0,0,0,0,0,0,1,0,0,0,0,0,0,0,0,0,0,0,0,0,0,0,0,0,1,0,0,0,1,0,0,0,0,0,1,0,0,0,0,0,1,0,1,0,0,0,0,0,0.4331707317073171,-0.10077508355258841,-0.07536221332362765,-0.017317073170728985,-0.34373983739837694,-0.06616208442922286,-0.21474459272894617,0.0001742160278734544,-0.0001974448315885827,-0.04640853658536592,-0.012987804878048752,0.357093081134893,-0.22831978319783197,-0.20397946084724003,0.009142779138778959
58,59,0,0,1,1,0,0,0,0,0,0,0,0,0,0,1,0,0,0,0,0,0,0,0,0,0,0,0,0,0,0,0,0,1,0,0,0,1,0,0,0,0,0,1,0,0,0,0,0,1,0,0,0,0,1,0,0,0.4331707317073171,-0.10077508355258841,-0.07536221332362765,-0.017317073170728985,-0.34373983739837694,-0.021553861000208115,-0.17700874367234237,0.0001742160278734544,-0.0001974448315885827,-0.04640853658536592,0.12867886178861793,0.357093081134893,-0.25609756097560976,-0.20397946084724003,0.058792746866299934
59,60,0,0,1,1,0,0,0,0,0,0,0,0,0,0,1,0,0,0,0,0,0,0,0,0,0,0,0,0,0,0,0,0,1,0,0,1,0,0,0,1,0,0,0,0,1,0,0,0,0,1,0,0,0,0,0,0,0.03317073170731708,0.0012657327739421778,0.05598107025846207,0.04934959349593745,-0.0020731707317101686,-0.06616208442922286,-0.01851817763460653,0.04303135888501635,0.06408826945412581,-0.09640853658536597,-0.08382113821138208,-0.1327028372324539,0.021680216802168042,0.03286264441591787,-0.11001714340727138
60,61,0,1,1,1,0,0,0,0,0,0,0,0,0,0,1,0,0,0,0,0,0,0,0,0,0,0,0,0,0,0,0,0,0,1,0,1,0,0,0,1,0,0,0,0,1,0,0,0,0,1,0,0,0,0,0,0,-0.1668292682926829,0.0012657327739421778,0.05598107025846207,0.04934959349593745,0.1479268292682896,-0.05646464455335009,-0.01851817763460653,0.04303135888501635,0.06408826945412581,-0.09640853658536597,-0.08382113821138208,-0.1327028372324539,0.021680216802168042,0.03286264441591787,-0.11870588775958756
61,62,0,0,1,1,0,0,0,0,0,0,0,0,0,0,1,0,0,0,0,0,0,0,0,0,0,0,0,0,0,0,0,0,1,0,0,1,0,0,0,1,0,0,0,0,1,0,0,0,0,1,0,0,0,0,0,0,0.03317073170731708,0.0012657327739421778,0.05598107025846207,0.04934959349593745,-0.0020731707317101686,-0.06616208442922286,-0.01851817763460653,0.04303135888501635,0.06408826945412581,-0.09640853658536597,-0.08382113821138208,-0.1327028372324539,0.021680216802168042,0.03286264441591787,-0.06657342164569054
62,63,0,1,1,1,0,0,0,0,0,0,0,0,0,0,1,0,0,0,0,0,0,0,0,0,0,0,0,0,0,0,0,0,0,1,0,1,0,0,0,1,0,0,0,0,1,0,0,0,0,1,0,0,0,0,0,0,-0.1668292682926829,0.0012657327739421778,0.05598107025846207,0.04934959349593745,0.1479268292682896,-0.05646464455335009,-0.01851817763460653,0.04303135888501635,0.06408826945412581,-0.09640853658536597,-0.08382113821138208,-0.1327028372324539,0.021680216802168042,0.03286264441591787,-0.0752621659980067
63,64,0,1,0,1,0,0,0,0,0,0,0,0,0,0,1,0,0,0,0,0,0,0,0,0,0,0,0,0,0,0,0,0,0,1,0,1,0,0,0,1,0,0,0,0,1,0,0,0,0,0,0,1,0,0,0,0,-0.1668292682926829,0.0012657327739421778,0.05598107025846207,0.04934959349593745,0.1479268292682896,-0.04366402391719803,-0.01851817763460653,0.04303135888501635,0.06408826945412581,0.784841463414634,-0.1671544715447154,-0.1939273270283723,0.2994579945799458,0.29602053915276,-0.06160842487293843
64,65,0,1,1,1,0,0,0,0,0,0,0,0,0,0,1,0,0,0,0,0,0,0,0,0,0,0,0,0,0,0,0,0,1,0,0,1,0,0,0,1,0,0,0,0,1,0,0,0,0,1,0,0,0,0,0,0,-0.1668292682926829,0.0012657327739421778,0.05598107025846207,0.04934959349593745,0.1479268292682896,-0.05064618062782643,-0.01851817763460653,0.04303135888501635,0.06408826945412581,-0.09640853658536597,-0.08382113821138208,-0.1327028372324539,0.021680216802168042,0.03286264441591787,-0.050437182134246215
65,66,0,1,1,1,0,0,0,0,0,0,0,0,0,0,1,0,0,0,0,0,0,0,0,0,0,0,0,0,0,0,0,0,0,1,0,0,1,0,0,1,0,0,0,0,1,0,0,0,0,0,0,0,0,1,0,0,-0.1668292682926829,0.17910829837161002,0.0141900254823425,0.01601626016260364,0.05626016260162281,0.04438873015572672,0.04940635066728026,0.3073170731707304,-0.0454355400696837,-0.13390853658536594,0.06617886178861791,-0.051070184171229424,-0.1727642276422764,-0.09871630295250318,0.12420657934730882
66,67,0,1,0,1,0,0,0,0,0,0,0,0,0,0,1,0,0,0,0,0,0,0,0,0,0,0,0,0,0,0,0,0,0,1,0,0,1,0,0,1,0,0,0,0,1,0,0,0,0,0,0,1,0,0,0,0,-0.1668292682926829,0.17910829837161002,0.0141900254823425,0.01601626016260364,0.05626016260162281,0.05602565800677404,0.026764841233317998,0.07160278745644495,0.18313588850174486,0.741091463414634,-0.13382113821138208,-0.37760079641612737,0.16056910569105692,0.21707317073170734,0.1257953783145895
67,68,1,1,0,1,0,0,0,1,0,0,0,0,0,0,0,0,0,0,0,0,0,0,0,0,0,0,0,0,0,0,0,0,0,1,0,0,1,0,0,1,0,0,0,1,0,0,0,0,0,0,0,1,0,0,0,0,-0.3668292682926829,0.3277963450188401,0.25150345831816345,0.36601626016260386,0.23126016260162294,0.3721621979602263,0.2116705016106765,0.17874564459930203,0.18313588850174486,0.709841463414634,0.07867886178861791,-0.316376306620209,-0.08943089430894308,-0.1513478818998716,0.3047338620045751
68,69,1,1,0,1,0,0,0,1,0,0,0,0,0,0,0,0,0,0,0,0,0,0,0,0,0,0,0,0,0,0,0,0,0,0,1,0,1,0,0,1,0,0,0,1,0,0,0,0,0,0,0,1,0,0,0,0,-0.3668292682926829,0.3277963450188401,0.25150345831816345,0.36601626016260386,0.4145934959349565,0.46331813279343037,0.2116705016106765,0.17874564459930203,0.18313588850174486,0.709841463414634,0.07867886178861791,-0.316376306620209,-0.08943089430894308,-0.1513478818998716,0.3716620185012734
69,70,1,0,0,1,0,0,0,1,0,0,0,0,0,0,0,0,0,0,0,0,0,0,0,0,0,0,0,0,0,0,0,1,0,0,0,0,1,0,0,1,0,0,0,1,0,0,0,0,0,0,0,1,0,0,0,0,-0.1668292682926829,0.23158643248239708,0.20075718966144698,0.36601626016260386,0.09792682926828948,0.3644042460595281,0.2116705016106765,0.17874564459930203,0.18313588850174486,0.709841463414634,0.07867886178861791,-0.316376306620209,-0.08943089430894308,-0.1513478818998716,0.3698746196630826
70,71,1,1,0,1,0,0,0,1,0,0,0,0,0,0,0,0,0,0,0,0,0,0,0,0,0,0,0,0,0,0,0,0,0,1,0,0,1,0,0,1,0,0,0,1,0,0,0,0,0,0,0,1,0,0,0,0,-0.3668292682926829,0.49106165114128886,0.4261303239898051,0.482682926829271,0.21459349593495602,0.4710760846941286,0.2116705016106765,0.17874564459930203,0.18313588850174486,0.709841463414634,0.07867886178861791,-0.316376306620209,-0.08943089430894308,-0.1513478818998716,0.4548753644125985
71,72,0,1,1,1,0,0,0,1,0,0,0,0,0,0,0,0,0,0,0,0,0,0,0,0,0,0,0,0,0,0,0,0,0,1,0,0,1,0,0,0,0,1,0,0,0,0,0,0,0,0,0,0,0,1,0,0,-0.3668292682926829,0.49106165114128886,0.4261303239898051,0.482682926829271,0.23126016260162294,0.45943915684308123,0.4041233317993557,0.09303135888501624,-0.0740069686411123,-0.1151585365853659,0.21201219512195124,-0.15311100049776002,-0.25609756097560976,-0.3355584082156611,0.5190231227165556
72,73,0,0,1,1,0,0,0,1,0,0,0,0,0,0,0,0,0,0,0,0,0,0,0,0,0,0,0,0,0,0,0,0,0,0,0,0,1,0,0,0,0,1,0,0,0,0,0,0,0,0,0,0,0,1,0,0,0.4331707317073171,-0.06287420891701999,0.09329450309428297,0.3826829268292708,-0.24373983739837732,0.4381047891161612,0.4041233317993557,0.09303135888501624,-0.0740069686411123,-0.1151585365853659,0.21201219512195124,-0.15311100049776002,-0.25609756097560976,-0.3355584082156611,0.5406705086457548
73,74,0,1,1,1,0,0,0,1,0,0,0,0,0,0,0,0,0,0,0,0,0,0,0,0,0,0,0,0,0,0,0,0,0,1,0,0,1,0,0,0,0,1,0,0,0,0,0,0,0,0,0,0,0,1,0,0,-0.1668292682926829,0.645580601578607,0.5082198762286111,0.482682926829271,0.24792682926828982,0.521502772048667,0.6833686148182236,0.335888501742159,0.045040650406506746,-0.13390853658536594,0.3328455284552846,-0.25515181682429067,-0.3116531165311653,-0.3881899871630295,0.6872372133773967
74,75,0,0,1,1,0,0,0,1,0,0,0,0,0,0,0,0,0,0,0,0,0,0,0,0,0,0,0,0,0,0,0,1,0,0,0,0,1,0,0,0,0,1,0,0,0,0,0,0,0,0,0,0,0,1,0,0,0.03317073170731708,0.38610538291971475,0.3753840553330886,0.5076829268292707,0.13959349593495615,0.4497417169672085,0.6682742751955821,0.335888501742159,0.045040650406506746,-0.13390853658536594,0.3328455284552846,-0.25515181682429067,-0.3116531165311653,-0.3881899871630295,0.7974601417324932
75,76,1,0,1,1,0,0,0,0,0,0,0,0,0,0,0,1,0,0,0,0,0,0,0,0,0,0,0,0,0,0,0,0,1,0,0,0,1,0,0,1,0,0,0,0,1,0,0,0,0,0,0,0,0,1,0,0,0.03317073170731708,0.11496835668064785,0.064936294139059,0.17434959349593745,0.08959349593495602,0.1374841529641053,0.04940635066728026,0.3216027874564447,-0.06448315911730276,-0.13390853658536594,0.29534552845528456,-0.051070184171229424,-0.1727642276422764,-0.17766367137355582,0.08009258302140644
76,77,0,0,1,1,0,0,0,0,0,0,0,0,0,0,0,0,1,0,0,0,0,0,0,0,0,0,0,0,0,0,0,0,1,0,0,1,0,0,0,1,0,0,0,0,1,0,0,0,0,1,0,0,0,0,0,0,0.2331707317073171,-0.14742231387328794,-0.24998907899526926,-0.1256504065040621,-0.24373983739837732,-0.2473102613105262,-0.13172572480441785,-0.25696864111498363,-0.012102206736350445,-0.04640853658536592,-0.15048780487804875,0.1530114484818318,0.3272357723577236,0.26970474967907576,-0.19581228764042763
77,78,0,0,1,1,0,0,0,0,0,0,0,0,0,0,0,0,1,0,0,0,0,0,0,0,0,0,0,0,0,0,0,0,1,0,0,1,0,0,0,1,0,0,0,0,1,0,0,0,0,1,0,0,0,0,0,0,0.2331707317073171,-0.14742231387328794,-0.24998907899526926,-0.1256504065040621,-0.24373983739837732,-0.23722492383961852,-0.13172572480441785,-0.25696864111498363,-0.012102206736350445,-0.04640853658536592,-0.15048780487804875,0.1530114484818318,0.16056910569105692,0.19075738125802313,-0.17595230054941924
78,79,0,0,1,1,0,0,0,0,0,0,0,0,0,0,0,0,1,0,0,0,0,0,0,0,0,0,0,0,0,0,0,0,1,0,0,1,0,0,0,1,0,0,0,0,1,0,0,0,0,1,0,0,0,0,0,0,0.2331707317073171,-0.14742231387328794,-0.24998907899526926,-0.1256504065040621,-0.24373983739837732,-0.21395106813752388,-0.13172572480441785,-0.25696864111498363,-0.012102206736350445,-0.04640853658536592,-0.15048780487804875,0.1530114484818318,0.16056910569105692,0.19075738125802313,-0.16403630829481422
79,80,1,0,1,1,0,0,0,0,0,0,0,0,0,0,0,0,1,0,0,0,0,0,0,0,0,0,0,0,0,0,0,0,1,0,0,1,0,0,0,1,0,0,0,0,1,0,0,0,0,0,0,0,0,0,1,0,0.03317073170731708,-0.16783047713859411,-0.24998907899526926,-0.1756504065040628,-0.24373983739837732,-0.15925750723760146,-0.10908421537045558,-0.21411149825784104,0.06408826945412581,-0.15890853658536597,-0.008821138211382085,0.1530114484818318,-0.03387533875338752,-0.01976893453145055,-0.1387148247537785
80,81,1,0,1,1,0,0,0,0,0,0,0,0,0,0,0,0,1,0,0,0,0,0,0,0,0,0,0,0,0,0,0,0,1,0,0,1,0,0,0,1,0,0,0,0,1,0,0,0,0,0,0,0,0,0,1,0,0.4331707317073171,-0.07162056460215109,-0.015660720786314218,-0.04231707317072875,-0.3604065040650439,-0.07198054835474652,-0.06380119650253106,-0.11411149825784093,0.09742160278745907,-0.16515853658536594,0.04951219512195125,0.1530114484818318,-0.06165311653116529,-0.01976893453145055,-0.0823621113830422
81,82,0,0,1,1,0,0,0,0,0,0,0,0,0,0,0,0,1,0,0,0,0,0,0,0,0,0,0,0,0,0,0,0,1,0,0,1,0,0,0,1,0,0,0,0,1,0,0,0,0,1,0,0,0,0,0,0,0.4331707317073171,-0.07162056460215109,-0.015660720786314218,-0.04231707317072875,-0.3604065040650439,-0.08827224734621276,-0.01851817763460653,0.014459930313587754,0.09742160278745907,-0.10265853658536594,-0.06715447154471542,-0.051070184171229424,-0.006097560975609737,0.03286264441591787,-0.11860658782413251
82,83,1,0,1,1,0,0,0,0,0,0,0,0,0,0,0,0,1,0,0,0,0,0,0,0,0,0,0,0,0,0,0,0,1,0,0,1,0,0,0,1,0,0,0,0,1,0,0,0,0,0,0,0,0,0,1,0,0.4331707317073171,-0.08328237218232577,-0.012675646159448715,0.03268292682927054,-0.29373983739837684,0.10761603814641717,0.1097837091578463,0.17874564459930203,0.2878977932636495,-0.19640853658536594,0.17034552845528458,-0.051070184171229424,-0.1727642276422764,-0.17766367137355582,-0.016079404466801697
83,84,1,0,1,1,0,0,0,0,0,0,0,0,0,0,0,0,1,0,0,0,0,0,0,0,0,0,0,0,0,0,0,0,1,0,0,1,0,0,0,1,0,0,0,0,1,0,0,0,0,0,0,0,0,0,1,0,0.4331707317073171,-0.08328237218232577,-0.012675646159448715,0.03268292682927054,-0.29373983739837684,0.14175102650948931,0.1097837091578463,0.18588850174215904,0.2878977932636495,-0.19640853658536594,0.17034552845528458,-0.051070184171229424,-0.1727642276422764,-0.17766367137355582,0.0395285593880218
84,85,1,0,1,1,0,0,0,0,0,0,0,0,0,0,0,0,1,0,0,0,0,0,0,0,0,0,0,0,0,0,0,0,1,0,0,1,0,0,0,1,0,0,0,0,1,0,0,0,0,0,0,0,0,0,1,0,0.4331707317073171,-0.08328237218232577,-0.012675646159448715,0.03268292682927054,-0.29373983739837684,0.14369051448466388,0.1097837091578463,0.18588850174215904,0.2878977932636495,-0.19640853658536594,0.17034552845528458,-0.051070184171229424,-0.1727642276422764,-0.17766367137355582,0.03009506551979281
85,86,0,1,1,1,0,0,0,0,0,0,0,0,0,0,0,0,1,0,0,0,0,0,0,0,0,0,0,0,0,0,0,0,0,1,0,1,0,0,0,1,0,0,0,0,1,0,0,0,0,1,0,0,0,0,0,0,0.03317073170731708,-0.07162056460215109,-0.02461594466691115,-0.04231707317072875,-0.17707317073171028,-0.07392003632992107,-0.01851817763460653,0.014459930313587754,0.09742160278745907,-0.10265853658536594,-0.06715447154471542,-0.051070184171229424,-0.006097560975609737,0.03286264441591787,-0.15609231345841085
86,87,0,1,1,1,0,0,0,0,0,0,0,0,0,0,0,0,1,0,0,0,0,0,0,0,0,0,0,0,0,0,0,0,0,1,0,1,0,0,0,1,0,0,0,0,1,0,0,0,0,1,0,0,0,0,0,0,0.03317073170731708,-0.07162056460215109,-0.02461594466691115,-0.04231707317072875,-0.17707317073171028,-0.05840413252852464,-0.01851817763460653,0.014459930313587754,0.09742160278745907,-0.10265853658536594,-0.06715447154471542,-0.051070184171229424,-0.006097560975609737,0.03286264441591787,-0.12630233282189826
87,88,1,1,1,1,0,0,0,0,0,0,0,0,0,0,0,0,1,0,0,0,0,0,0,0,0,0,0,0,0,0,0,0,0,1,0,1,0,0,0,1,0,0,0,0,1,0,0,0,0,0,0,0,0,0,1,0,0.03317073170731708,-0.07162056460215109,-0.02461594466691115,-0.04231707317072875,-0.17707317073171028,-0.05917992771859446,-0.06380119650253106,-0.11411149825784093,0.09742160278745907,-0.16515853658536594,0.04951219512195125,0.1530114484818318,-0.06165311653116529,-0.01976893453145055,-0.09924310041039934
88,89,0,1,1,1,0,0,0,0,0,0,0,0,0,0,0,0,1,0,0,0,0,0,0,0,0,0,0,0,0,0,0,0,0,1,0,1,0,0,0,1,0,0,0,0,1,0,0,0,0,0,0,0,0,0,1,0,-0.3668292682926829,-0.07162056460215109,-0.02461594466691115,-0.04231707317072875,-0.17707317073171028,-0.05917992771859446,-0.06380119650253106,-0.11411149825784093,0.09742160278745907,-0.16515853658536594,0.04951219512195125,0.1530114484818318,-0.06165311653116529,-0.01976893453145055,-0.09924310041039934
89,90,0,0,1,1,0,0,0,0,0,0,0,0,0,0,0,0,0,0,0,0,0,0,0,0,0,0,0,0,0,0,0,0,0,1,0,1,0,0,0,1,0,0,0,0,1,0,0,0,0,1,0,0,0,0,0,0,0.03317073170731708,-0.12409869871293816,-0.1305860939206424,-0.1756504065040628,0.06459349593495627,-0.2585592915665386,-0.11285780027611597,-0.12839721254355524,0.01646922183507815,-0.04640853658536592,-0.1463211382113821,0.030562468889995066,0.16056910569105692,0.16444159178433893,-0.19308153941541398
90,91,0,0,0,1,0,0,0,0,0,0,0,0,0,0,0,0,0,1,0,0,0,0,0,0,0,0,0,0,0,0,0,0,0,1,0,1,0,0,0,1,0,0,0,0,1,0,0,0,0,0,0,1,0,0,0,0,0.03317073170731708,-0.12409869871293816,-0.1305860939206424,-0.1756504065040628,0.06459349593495627,-0.20890839940207004,-0.0902162908421537,-0.2426829268292693,0.10218350754936394,0.734841463414634,-0.20465447154471542,-0.1327028372324539,0.5494579945799458,0.5065468549422336,-0.1533615652333972
91,92,0,0,1,1,0,0,0,0,0,0,0,0,0,0,0,0,0,1,0,0,0,0,0,0,0,0,0,0,0,0,0,0,0,1,0,1,0,0,0,1,0,0,0,0,1,0,0,0,0,1,0,0,0,0,0,0,0.03317073170731708,-0.12409869871293816,-0.1305860939206424,-0.1756504065040628,0.06459349593495627,-0.2473102613105262,-0.11285780027611597,-0.12839721254355524,0.01646922183507815,-0.04640853658536592,-0.1463211382113821,0.030562468889995066,0.16056910569105692,0.16444159178433893,-0.1645328079720894
92,93,0,1,1,1,0,0,0,0,0,0,0,0,0,0,0,0,0,1,0,0,0,0,0,0,0,0,0,0,0,0,0,0,0,1,0,1,0,0,0,1,0,0,0,0,1,0,0,0,0,1,0,0,0,0,0,0,0.03317073170731708,-0.12409869871293816,-0.1305860939206424,-0.1756504065040628,0.06459349593495627,-0.23955230940982797,-0.11285780027611597,-0.12839721254355524,0.01646922183507815,-0.04640853658536592,-0.1463211382113821,0.030562468889995066,0.16056910569105692,0.16444159178433893,-0.15956781119933733
93,94,0,1,1,1,0,0,0,0,0,0,0,0,0,0,0,0,0,1,0,0,0,0,0,0,0,0,0,0,0,0,0,0,0,0,1,1,0,0,0,1,0,0,0,0,1,0,0,0,0,1,0,0,0,0,0,0,0.03317073170731708,-0.12409869871293816,-0.05745176556243379,-0.1756504065040628,-0.018739837398377073,-0.20619311623682565,-0.11285780027611597,-0.12839721254355524,0.01646922183507815,-0.04640853658536592,-0.1463211382113821,0.030562468889995066,0.16056910569105692,0.16444159178433893,-0.14715531926745706
94,95,0,0,1,1,0,0,0,0,0,0,0,0,0,0,0,0,0,1,0,0,0,0,0,0,0,0,0,0,0,0,0,0,0,1,0,1,0,0,0,1,0,0,0,0,1,0,0,0,0,1,0,0,0,0,0,0,0.03317073170731708,-0.12409869871293816,-0.1305860939206424,-0.1756504065040628,0.06459349593495627,-0.23450964067437413,-0.11285780027611597,-0.12839721254355524,0.01646922183507815,-0.04640853658536592,-0.1463211382113821,0.030562468889995066,0.16056910569105692,0.16444159178433893,-0.1483965684606451
95,96,0,0,1,1,0,0,0,0,0,0,0,0,0,0,0,0,0,1,0,0,0,0,0,0,0,0,0,0,0,0,0,0,1,0,0,1,0,0,0,1,0,0,0,0,1,0,0,0,0,1,0,0,0,0,0,0,0.03317073170731708,-0.12409869871293816,-0.12610848198034416,-0.1756504065040628,-0.035406504065043976,-0.20464152585668602,-0.11285780027611597,-0.12839721254355524,0.01646922183507815,-0.04640853658536592,-0.1463211382113821,0.030562468889995066,0.16056910569105692,0.16444159178433893,-0.13598407652876485
96,97,0,1,1,1,0,0,0,0,0,0,0,0,0,0,0,0,0,1,0,0,0,0,0,0,0,0,0,0,0,0,0,0,0,1,0,1,0,0,0,1,0,0,0,0,1,0,0,0,0,1,0,0,0,0,0,0,0.03317073170731708,-0.12409869871293816,-0.1305860939206424,-0.1756504065040628,0.06459349593495627,-0.2267516887736759,-0.11285780027611597,-0.12839721254355524,0.01646922183507815,-0.04640853658536592,-0.1463211382113821,0.030562468889995066,0.16056910569105692,0.16444159178433893,-0.143431571687893
97,98,0,1,1,1,0,0,0,0,0,0,0,0,0,0,0,0,0,1,0,0,0,0,0,0,0,0,0,0,0,0,0,0,0,0,1,1,0,0,0,1,0,0,0,0,1,0,0,0,0,1,0,0,0,0,0,0,0.03317073170731708,-0.12409869871293816,-0.05745176556243379,-0.1756504065040628,-0.018739837398377073,-0.20115044750137182,-0.11285780027611597,-0.12839721254355524,0.01646922183507815,-0.04640853658536592,-0.1463211382113821,0.030562468889995066,0.16056910569105692,0.16444159178433893,-0.13101907975601276
98,99,0,0,1,1,0,0,0,0,0,0,0,0,0,0,0,0,0,1,0,0,0,0,0,0,0,0,0,0,0,0,0,1,0,0,0,1,0,0,0,1,0,0,0,0,1,0,0,0,0,1,0,0,0,0,0,0,0.2331707317073171,-0.10660598734267594,-0.17386967601019473,-0.1756504065040628,-0.035406504065043976,-0.21239947775738421,-0.11285780027611597,-0.12839721254355524,0.01646922183507815,-0.04640853658536592,-0.1463211382113821,0.030562468889995066,0.16056910569105692,0.16444159178433893,-0.12481283379007263
99,100,0,1,1,1,0,0,0,0,0,0,0,0,0,0,0,0,0,1,0,0,0,0,0,0,0,0,0,0,0,0,0,0,1,0,0,1,0,0,0,1,0,0,0,0,1,0,0,0,0,1,0,0,0,0,0,0,-0.1668292682926829,-0.04538149754675735,-0.009690571532582789,-0.05898373983739565,0.08126016260162316,-0.08982383772635241,-0.026065347445927287,0.0001742160278734544,0.10218350754936394,-0.10265853658536594,-0.029654471544715417,0.030562468889995066,0.04945799457994582,0.0854942233632863,-0.1074353450854403
100,101,0,1,1,1,0,0,0,0,0,0,0,0,0,0,0,0,0,1,0,0,0,0,0,0,0,0,0,0,0,0,0,0,0,1,0,1,0,0,0,1,0,0,0,0,1,0,0,0,0,1,0,0,0,0,0,0,-0.1668292682926829,-0.04538149754675735,-0.009690571532582789,-0.05898373983739565,0.08126016260162316,-0.09835758481712045,-0.026065347445927287,0.0001742160278734544,0.10218350754936394,-0.10265853658536594,-0.029654471544715417,0.030562468889995066,0.04945799457994582,0.0854942233632863,-0.092540354767184
101,102,0,1,1,1,0,0,0,0,0,0,0,0,0,0,0,0,0,1,0,0,0,0,0,0,0,0,0,0,0,0,0,0,0,1,0,1,0,0,0,0,0,1,0,0,0,1,0,0,0,0,0,0,0,1,0,0,-0.1668292682926829,0.047912963094642116,0.11419002548234233,0.04934959349593745,0.11459349593495638,0.2092452080455638,0.20412333179935574,0.07160278745644495,0.006945412311268619,-0.07140853658536594,0.19951219512195126,0.030562468889995066,-0.22831978319783197,-0.23029525032092424,0.005518331494669928
102,103,0,1,1,1,0,0,0,0,0,0,0,0,0,0,0,0,0,1,0,0,0,0,0,0,0,0,0,0,0,0,0,0,0,0,1,1,0,0,0,0,0,1,0,0,0,1,0,0,0,0,0,0,0,1,0,0,-0.1668292682926829,0.047912963094642116,0.15747360757189466,0.04934959349593745,0.19792682926828972,0.28721262464758085,0.20412333179935574,0.07160278745644495,0.006945412311268619,-0.07140853658536594,0.19951219512195126,0.030562468889995066,-0.22831978319783197,-0.23029525032092424,0.027860816972054368
103,104,0,1,1,1,0,0,0,0,0,0,0,0,0,0,0,0,0,1,0,0,0,0,0,0,0,0,0,0,0,0,0,0,0,1,0,1,0,0,0,0,0,1,0,0,0,1,0,0,0,0,0,0,0,1,0,0,-0.1668292682926829,0.047912963094642116,0.15747360757189466,0.04934959349593745,0.11459349593495638,0.1956687922193419,0.20412333179935574,0.07160278745644495,0.006945412311268619,-0.07140853658536594,0.19951219512195126,0.030562468889995066,-0.1727642276422764,-0.1513478818998716,0.005518331494669928
104,105,0,0,1,1,0,0,0,0,0,0,0,0,0,0,0,0,0,1,0,0,0,0,0,0,0,0,0,0,0,0,0,0,1,0,0,0,1,0,0,0,0,1,0,0,0,1,0,0,0,0,0,0,0,1,0,0,0.4331707317073171,-0.21739315935433765,-0.04998907899526961,0.1660162601626046,-0.3354065040650435,0.19993566576472593,0.20412333179935574,0.07160278745644495,0.006945412311268619,-0.07140853658536594,0.23284552845528458,0.030562468889995066,-0.1727642276422764,-0.1513478818998716,0.09737077179058373
105,106,1,0,1,1,0,0,0,0,0,0,0,0,0,0,0,0,0,1,0,0,0,0,0,0,0,0,0,0,0,0,0,0,1,0,0,0,1,0,0,0,0,1,0,0,0,1,0,0,0,0,0,0,0,1,0,0,0.4331707317073171,-0.21739315935433765,-0.04998907899526961,0.1660162601626046,-0.3354065040650435,0.22631270222709987,0.20412333179935574,0.07160278745644495,0.006945412311268619,-0.14640853658536596,0.39951219512195124,0.030562468889995066,-0.22831978319783197,-0.20397946084724003,0.15943323144998495
106,107,0,0,1,1,0,0,0,0,0,0,0,0,0,0,0,0,0,1,0,0,0,0,0,0,0,0,0,0,0,0,0,0,1,0,0,0,1,0,0,0,0,1,0,0,0,1,0,0,0,0,0,0,0,1,0,0,0.03317073170731708,0.012927540354117266,0.06642883145249175,0.1660162601626046,-0.3354065040650435,0.22631270222709987,0.20412333179935574,0.07160278745644495,0.006945412311268619,-0.07140853658536594,0.23284552845528458,0.030562468889995066,-0.1727642276422764,-0.1513478818998716,0.12716075242709632
107,108,0,1,1,1,0,0,0,0,0,0,0,0,0,0,0,0,0,0,1,0,0,0,0,0,0,0,0,0,0,0,0,0,0,1,0,0,1,0,1,0,0,0,0,0,1,0,0,0,0,0,0,0,0,1,0,0,-0.1668292682926829,0.2665718552229219,0.18881689115398412,0.20768292682927125,0.24792682926828982,0.1801528884179455,-0.026065347445927287,0.09303135888501624,-0.03114982578396951,-0.10890853658536592,-0.029654471544715417,-0.051070184171229424,-0.1727642276422764,-0.17766367137355582,-0.034176817703483096
108,109,1,1,0,1,0,0,0,0,0,0,0,0,0,0,0,0,0,0,1,0,0,0,0,0,0,0,0,0,0,0,0,0,0,1,0,0,1,0,1,0,0,0,0,0,1,0,0,0,0,0,0,1,0,0,0,0,-0.1668292682926829,0.2665718552229219,0.18881689115398412,0.20768292682927125,0.24792682926828982,0.2488107627391247,0.09468936953520479,0.26445993031358783,0.12599303135888767,0.678591463414634,-0.03798780487804875,-0.3980089596814335,0.0772357723577236,0.05917843388960208,-0.001904338680594458
109,110,0,1,1,1,0,0,0,0,0,0,0,0,0,0,0,0,0,0,1,0,0,0,0,0,0,0,0,0,0,0,0,0,0,0,1,0,1,0,1,0,0,0,0,0,1,0,0,0,0,0,0,0,0,1,0,0,-0.1668292682926829,0.4502453246106769,0.37090644339279033,0.20768292682927125,0.4145934959349565,0.26161138337527673,-0.026065347445927287,0.09303135888501624,-0.03114982578396951,-0.10890853658536592,-0.029654471544715417,-0.051070184171229424,-0.1727642276422764,-0.17766367137355582,-0.02077132641705243
110,111,1,1,0,1,0,0,0,0,0,0,0,0,0,0,0,0,0,0,1,0,0,0,0,0,0,0,0,0,0,0,0,0,0,0,1,0,1,0,1,0,0,0,0,0,1,0,0,0,0,0,0,1,0,0,0,0,-0.1668292682926829,0.4502453246106769,0.37090644339279033,0.20768292682927125,0.4145934959349565,0.3391909023822589,0.09468936953520479,0.26445993031358783,0.12599303135888767,0.678591463414634,-0.03798780487804875,-0.3980089596814335,-0.006097560975609737,-0.1513478818998716,0.014480150669487464
111,112,0,1,1,1,0,0,0,0,0,0,0,0,0,0,0,0,0,0,1,0,0,0,0,0,0,0,0,0,0,0,0,0,0,1,0,0,1,0,1,0,0,0,0,0,1,0,0,0,0,0,0,0,0,1,0,0,-0.1668292682926829,0.2665718552229219,0.18881689115398412,0.20768292682927125,0.24792682926828982,0.2014872561448656,-0.026065347445927287,0.09303135888501624,-0.5073403019744457,-0.10890853658536592,-0.03798780487804875,-0.051070184171229424,-0.1727642276422764,-0.17766367137355582,0.057179122915155506
112,113,1,1,0,1,0,0,0,0,0,0,0,0,0,0,0,0,0,0,1,0,0,0,0,0,0,0,0,0,0,0,0,0,0,1,0,0,1,0,1,0,0,0,0,0,1,0,0,0,0,0,0,1,0,0,0,0,-0.1668292682926829,0.2665718552229219,0.18881689115398412,0.20768292682927125,0.24792682926828982,0.27014513046604477,0.09468936953520479,0.26445993031358783,0.12599303135888767,0.678591463414634,-0.03798780487804875,-0.3980089596814335,0.0772357723577236,0.05917843388960208,0.08994810161531935
113,114,0,1,1,1,0,0,0,0,0,0,0,0,0,0,0,0,0,0,1,0,0,0,0,0,0,0,0,0,0,0,0,0,0,0,1,0,1,0,1,0,0,0,0,0,1,0,0,0,0,0,0,0,0,1,0,0,-0.1668292682926829,0.4502453246106769,0.37090644339279033,0.20768292682927125,0.24792682926828982,0.28294575110219683,-0.026065347445927287,0.09303135888501624,-0.5073403019744457,-0.10890853658536592,-0.03798780487804875,-0.051070184171229424,-0.1727642276422764,-0.17766367137355582,0.08485897992324845
114,115,1,1,0,1,0,0,0,0,0,0,0,0,0,0,0,0,0,0,1,0,0,0,0,0,0,0,0,0,0,0,0,0,0,0,1,0,1,0,1,0,0,0,0,0,1,0,0,0,0,0,0,1,0,0,0,0,-0.1668292682926829,0.4502453246106769,0.37090644339279033,0.20768292682927125,0.4145934959349565,0.360525270109179,0.09468936953520479,0.26445993031358783,0.12599303135888767,0.678591463414634,-0.03798780487804875,-0.3980089596814335,-0.006097560975609737,-0.1513478818998716,0.09429247379147744
115,116,0,1,1,1,0,0,0,0,0,0,0,0,0,0,0,0,0,0,1,0,0,0,0,0,0,0,0,0,0,0,0,0,0,1,0,0,1,0,1,0,0,0,0,0,1,0,0,0,0,0,0,0,0,1,0,0,-0.1668292682926829,0.2665718552229219,0.18881689115398412,0.20768292682927125,0.24792682926828982,0.2014872561448656,-0.026065347445927287,0.09303135888501624,-0.03114982578396951,-0.10890853658536592,-0.029654471544715417,-0.051070184171229424,-0.1727642276422764,-0.17766367137355582,0.08324535597210402
116,117,1,1,0,1,0,0,0,0,0,0,0,0,0,0,0,0,0,0,1,0,0,0,0,0,0,0,0,0,0,0,0,0,0,1,0,0,1,0,1,0,0,0,0,0,1,0,0,0,0,0,0,1,0,0,0,0,-0.1668292682926829,0.2665718552229219,0.18881689115398412,0.20768292682927125,0.24792682926828982,0.27014513046604477,0.09468936953520479,0.26445993031358783,0.12599303135888767,0.678591463414634,-0.03798780487804875,-0.3980089596814335,0.0772357723577236,0.05917843388960208,0.11601433467226786
117,118,1,1,1,1,0,0,0,0,0,0,0,0,0,0,0,0,0,0,1,0,0,0,0,0,0,0,0,0,0,0,0,0,0,1,0,0,1,0,1,0,0,0,0,0,1,0,0,0,0,0,0,0,0,1,0,0,-0.1668292682926829,0.2694873071179655,0.18881689115398412,0.1993495934959372,0.18959349593495625,0.22282162387178567,0.026764841233317998,0.20017421602787333,-0.021626016260159975,-0.19640853658536594,0.15784552845528457,0.19382777501244405,-0.20054200542005418,-0.17766367137355582,0.12097933144501996
118,119,0,0,1,1,0,0,0,0,0,0,0,0,0,0,0,0,0,0,0,1,0,0,0,0,0,0,0,0,0,0,0,0,1,0,0,1,0,0,0,1,0,0,0,0,1,0,0,0,0,1,0,0,0,0,0,0,0.03317073170731708,-0.14742231387328794,-0.24998907899526926,-0.1756504065040628,-0.24373983739837732,-0.2473102613105262,-0.1392728946157386,-0.25696864111498363,-0.012102206736350445,-0.04640853658536592,-0.15048780487804875,0.1530114484818318,0.3272357723577236,0.26970474967907576,-0.19126931559335947
119,120,1,0,1,1,0,0,0,0,0,0,0,0,0,0,0,0,0,0,0,1,0,0,0,0,0,0,0,0,0,0,0,0,1,0,0,1,0,0,0,1,0,0,0,0,1,0,0,0,0,0,0,0,0,0,1,0,0.03317073170731708,-0.14742231387328794,-0.24998907899526926,-0.1756504065040628,-0.24373983739837732,-0.16585176635319493,-0.10908421537045558,-0.21411149825784104,0.06408826945412581,-0.15890853658536597,-0.008821138211382085,0.1530114484818318,-0.03387533875338752,-0.01976893453145055,-0.1320617290782907
120,121,0,1,1,1,0,0,0,0,0,0,0,0,0,0,0,0,0,0,0,1,0,0,0,0,0,0,0,0,0,0,0,0,1,0,0,1,0,0,0,1,0,0,0,0,1,0,0,0,0,1,0,0,0,0,0,0,0.03317073170731708,-0.14742231387328794,-0.24998907899526926,-0.1756504065040628,-0.2604065040650436,-0.22830327915381557,-0.1392728946157386,-0.25696864111498363,-0.012102206736350445,-0.04640853658536592,-0.15048780487804875,0.1530114484818318,0.16056910569105692,0.19075738125802313,-0.17495930119486883
121,122,0,1,1,1,0,0,0,0,0,0,0,0,0,0,0,0,0,0,0,1,0,0,0,0,0,0,0,0,0,0,0,0,0,1,0,1,0,0,0,1,0,0,0,0,1,0,0,0,0,1,0,0,0,0,0,0,0.03317073170731708,-0.14742231387328794,-0.10073534765198569,-0.1756504065040628,-0.24373983739837732,-0.21976953206304753,-0.1392728946157386,-0.25696864111498363,-0.012102206736350445,-0.04640853658536592,-0.15048780487804875,0.1530114484818318,0.16056910569105692,0.19075738125802313,-0.1634653336659477
122,123,0,1,1,1,0,0,0,0,0,0,0,0,0,0,0,0,0,0,0,1,0,0,0,0,0,0,0,0,0,0,0,0,0,1,0,1,0,0,0,1,0,0,0,0,1,0,0,0,0,1,0,0,0,0,0,0,0.03317073170731708,-0.14742231387328794,-0.10073534765198569,-0.1756504065040628,-0.24373983739837732,-0.14141421786599556,-0.10908421537045558,-0.25696864111498363,-0.012102206736350445,-0.04640853658536592,-0.15048780487804875,0.1530114484818318,0.16056910569105692,0.19075738125802313,-0.14070082346287935
123,124,0,1,1,1,0,0,0,0,0,0,0,0,0,0,0,0,0,0,0,1,0,0,0,0,0,0,0,0,0,0,0,0,0,0,1,1,0,0,0,1,0,0,0,0,1,0,0,0,0,1,0,0,0,0,0,0,-0.3668292682926829,0.13246106805091007,0.00821987622861107,-0.10898373983739636,0.5062601626016227,-0.00797744517398624,-0.01851817763460653,0.014459930313587754,0.09742160278745907,-0.10265853658536594,-0.06715447154471542,-0.051070184171229424,-0.03387533875338752,-0.01976893453145055,-0.10813044463362559
124,125,1,0,1,1,0,0,0,0,0,0,0,0,0,0,0,0,0,0,0,1,0,0,0,0,0,0,0,0,0,0,0,0,1,0,0,0,1,0,0,1,0,0,0,0,1,0,0,0,0,0,0,0,0,0,1,0,0.4331707317073171,-0.08328237218232577,-0.012675646159448715,0.03268292682927054,-0.29373983739837684,0.10179757422089351,0.1097837091578463,0.18588850174215904,0.2878977932636495,-0.19640853658536594,0.17034552845528458,-0.051070184171229424,-0.1727642276422764,-0.17766367137355582,-0.012728031645194031
125,126,0,0,1,1,0,0,0,0,0,0,0,0,0,0,0,0,0,0,0,0,0,1,0,0,0,0,0,0,0,0,0,0,1,0,0,0,1,0,0,1,0,0,0,0,1,0,0,0,0,0,0,0,0,1,0,0,0.4331707317073171,-0.12409869871293816,-0.0768547506370604,0.1993495934959372,-0.29373983739837684,0.08628167041949708,0.09091578462954442,0.4358885017421591,-0.06924506387920763,-0.040158536585365945,0.16201219512195125,0.1530114484818318,-0.1727642276422764,-0.09871630295250318,0.21700236903004552
126,127,0,0,1,0,0,0,0,0,0,0,0,0,0,0,0,0,0,0,0,0,1,0,0,0,0,0,0,0,0,0,0,1,0,0,0,0,1,0,0,0,1,0,0,0,0,1,0,0,0,0,0,0,0,1,0,0,0.4331707317073171,-0.26987129346512473,-0.0768547506370604,-0.07565040650406256,-0.17707317073171028,0.07774792332872904,0.25317993557294066,0.2930313588850164,-0.16924506387920762,-0.040158536585365945,0.4286788617886179,0.3162767546042808,-0.22831978319783197,-0.1513478818998716,0.47791294943816826
127,128,0,0,1,0,0,0,0,0,0,0,0,0,0,0,0,0,0,0,0,0,0,1,0,0,0,0,0,0,0,0,0,1,0,0,0,0,1,0,0,0,1,0,0,0,0,1,0,0,0,0,0,0,0,1,0,0,0.4331707317073171,-0.26987129346512473,-0.0768547506370604,-0.07565040650406256,-0.17707317073171028,0.07774792332872904,0.25317993557294066,0.2930313588850164,-0.16924506387920762,-0.040158536585365945,0.4286788617886179,0.3162767546042808,-0.22831978319783197,-0.1513478818998716,0.515150425233809
128,129,0,0,1,0,0,0,0,0,0,0,0,0,0,0,0,0,0,0,0,0,0,1,0,0,0,0,0,0,0,0,0,0,0,0,0,0,1,0,0,0,1,0,0,0,0,1,0,0,0,0,0,0,0,1,0,0,0.4331707317073171,-0.26987129346512473,-0.0768547506370604,-0.07565040650406256,-0.17707317073171028,0.09481541751026512,0.25317993557294066,0.2930313588850164,-0.16924506387920762,-0.040158536585365945,0.4286788617886179,0.3162767546042808,-0.22831978319783197,-0.1513478818998716,0.5896253768250904
129,130,0,0,1,1,0,0,0,0,0,0,0,0,0,0,0,0,0,0,0,0,0,1,0,0,0,0,0,0,0,0,0,0,1,0,0,0,1,1,0,0,0,0,0,0,0,0,0,0,0,0,0,0,0,1,0,0,0.03317073170731708,-0.010396074806232497,0.02463778667637218,0.5326829268292705,-0.2687398373983771,0.3143654563000246,0.28714219972388405,0.4358885017421591,-0.06924506387920763,-0.008908536585365945,0.7661788617886178,0.2550522648083624,-0.22831978319783197,-0.07240051347881897,0.44992278013177833
130,131,0,1,1,1,0,0,0,0,0,0,0,0,0,0,0,0,0,0,0,0,0,0,1,0,0,0,0,0,0,0,0,0,0,0,1,1,0,0,0,1,0,0,0,0,1,0,0,0,0,0,0,0,0,1,0,0,-0.1668292682926829,-0.07745146839223864,0.11120495085547683,0.04934959349593745,0.12292682926828984,0.009090049007549835,0.01921767142199724,0.09303135888501624,0.30694541231126854,-0.09015853658536599,-0.05882113821138209,-0.010253857640617177,-0.06165311653116529,0.006546854942233662,-0.09884590066857916
131,132,0,0,1,1,0,0,0,0,0,0,0,0,0,0,0,0,0,0,0,0,0,0,1,0,0,0,0,0,0,0,0,0,1,0,0,1,0,0,0,1,0,0,0,0,1,0,0,0,0,0,0,0,0,1,0,0,0.2331707317073171,-0.07745146839223864,0.04105569712413371,0.05768292682927031,-0.2687398373983771,-0.03706976480160455,0.01921767142199724,0.09303135888501624,0.30694541231126854,-0.09015853658536599,-0.05882113821138209,-0.010253857640617177,-0.06165311653116529,0.006546854942233662,-0.08395091035032287
132,133,0,0,1,1,0,0,0,0,0,0,0,0,0,0,0,0,0,0,0,0,0,0,0,1,0,0,0,0,0,0,0,0,1,0,0,1,0,0,0,1,0,0,0,0,1,0,0,0,0,0,0,0,0,1,0,0,0.4331707317073171,0.010012088459073287,0.18732435384055138,0.04934959349593745,0.19792682926828972,0.03973395901530779,-0.022291762540266907,0.15017421602787343,-0.0882926829268267,-0.052033536585365914,0.024512195121951248,0.05097063215530119,-0.11720867208672085,-0.07240051347881897,-0.03541806689667112
133,134,0,1,1,1,0,0,0,0,0,0,0,0,0,0,0,0,0,0,0,0,0,0,0,1,0,0,0,0,0,0,0,0,0,1,0,1,0,0,0,1,0,0,0,0,1,0,0,0,0,0,0,0,0,1,0,0,0.2331707317073171,0.010012088459073287,0.18732435384055138,0.04934959349593745,0.19792682926828972,0.05408617003159948,-0.022291762540266907,0.15017421602787343,-0.0882926829268267,-0.0526585365853659,0.024512195121951248,0.05097063215530119,-0.11720867208672085,-0.07240051347881897,-0.02747407206026776
134,135,0,0,1,1,0,0,0,0,0,0,0,0,0,0,0,0,0,0,0,0,0,0,0,1,0,0,0,0,0,0,0,0,1,0,0,1,0,0,0,1,0,0,0,0,1,0,0,0,0,0,0,0,0,1,0,0,0.4331707317073171,0.010012088459073287,0.18732435384055138,0.04934959349593745,0.19792682926828972,0.05874094117201842,-0.022291762540266907,-0.5641114982578409,-0.5644831591173028,-0.0526585365853659,0.024512195121951248,0.05097063215530119,-0.11720867208672085,-0.07240051347881897,0.04377363162872484
135,136,0,1,1,1,0,0,0,0,0,0,0,0,0,0,0,0,0,0,0,0,0,0,0,1,0,0,0,0,0,0,0,0,0,1,0,1,0,0,0,1,0,0,0,0,1,0,0,0,0,0,0,0,0,1,0,0,0.2331707317073171,0.010012088459073287,0.18732435384055138,0.04934959349593745,0.19792682926828972,0.07852371851879887,-0.022291762540266907,0.15017421602787343,-0.0882926829268267,-0.0526585365853659,0.024512195121951248,0.05097063215530119,-0.11720867208672085,-0.07240051347881897,0.05544137404469227
136,137,1,0,1,1,0,0,0,0,0,0,0,0,0,0,0,0,0,0,0,0,0,0,0,1,0,0,0,0,0,0,0,0,1,0,0,1,0,0,0,0,0,0,0,0,1,0,0,0,0,0,0,0,0,1,0,0,0.4331707317073171,0.010012088459073287,0.18732435384055138,0.04934959349593745,0.19792682926828972,0.0979185982705444,-0.022291762540266907,0.15017421602787343,-0.0882926829268267,-0.07140853658536594,0.23284552845528458,0.1530114484818318,-0.1727642276422764,-0.1250320924261874,0.12097933144501996
137,138,1,1,1,1,0,0,0,0,0,0,0,0,0,0,0,0,0,0,0,0,0,0,0,1,0,0,0,0,0,0,0,0,0,1,0,1,0,0,0,0,0,0,0,0,1,0,0,0,0,0,0,0,0,1,0,0,0.2331707317073171,0.010012088459073287,0.18732435384055138,0.04934959349593745,0.19792682926828972,0.11304660447690593,-0.022291762540266907,0.15017421602787343,-0.0882926829268267,-0.07140853658536594,0.23284552845528458,0.1530114484818318,-0.1727642276422764,-0.1250320924261874,0.1326470738609874
138,139,0,0,1,1,0,0,0,0,0,0,0,0,0,0,0,0,0,0,0,0,0,0,0,0,1,0,0,0,0,0,0,0,1,0,0,1,0,0,0,0,1,0,0,0,1,0,0,0,0,1,0,0,0,0,0,0,0.2331707317073171,-0.14742231387328794,-0.2559592282490007,-0.20898373983739602,-0.0020731707317101686,-0.19610777876591798,-0.11285780027611597,0.20731707317073064,-0.42638792102206474,-0.07140853658536594,-0.1463211382113821,-0.09188651070184167,0.16056910569105692,0.13812580231065472,-0.20253985826750673
139,140,0,0,1,1,0,0,0,0,0,0,0,0,0,0,0,0,0,0,0,0,0,0,0,0,1,0,0,0,0,0,0,0,1,0,0,1,0,0,0,0,1,0,0,0,1,0,0,0,0,1,0,0,0,0,0,0,0.2331707317073171,-0.14742231387328794,-0.24103385511467235,-0.1923170731707291,-0.0020731707317101686,-0.16895494711347422,-0.07134836631385182,0.20731707317073064,-0.2930545876887313,-0.09015853658536599,-0.1296544715447154,-0.2959681433549029,0.021680216802168042,0.006546854942233662,-0.15450351449113017
140,141,0,0,1,1,0,0,0,0,0,0,0,0,0,0,0,0,0,0,0,0,0,0,0,0,1,0,0,0,0,0,0,0,1,0,0,0,0,0,0,0,1,0,0,0,1,0,0,0,0,1,0,0,0,0,0,0,0.2331707317073171,-0.159084121453463,-0.24998907899526926,-0.1756504065040628,0.1645934959349565,-0.12240723570928493,-0.07134836631385182,0.20731707317073064,-0.2930545876887313,-0.09015853658536599,-0.1296544715447154,-0.2959681433549029,0.021680216802168042,0.006546854942233662,-0.14084977336606191
141,142,0,1,1,1,0,0,0,0,0,0,0,0,0,0,0,0,0,0,0,0,0,0,0,0,1,0,0,0,0,0,0,0,0,1,0,1,0,0,0,0,1,0,0,0,1,0,0,0,0,1,0,0,0,0,0,0,-0.1668292682926829,-0.04538149754675735,-0.030586093920642574,-0.04231707317072875,-0.1020731707317104,-0.15925750723760146,-0.07134836631385182,0.20731707317073064,-0.2930545876887313,-0.040158536585365945,-0.09215447154471541,-0.1327028372324539,0.1883468834688347,0.16444159178433893,-0.15269129066907566
142,143,0,1,1,1,0,0,0,0,0,0,0,0,0,0,0,0,0,0,0,0,0,0,0,0,1,0,0,0,0,0,0,0,0,1,0,1,0,0,0,0,1,0,0,0,1,0,0,0,0,1,0,0,0,0,0,0,-0.1668292682926829,-0.04538149754675735,-0.030586093920642574,-0.04231707317072875,-0.1020731707317104,-0.14180211546103047,-0.07134836631385182,0.20731707317073064,-0.2930545876887313,-0.040158536585365945,-0.09215447154471541,-0.2959681433549029,0.0772357723577236,0.05917843388960208,-0.1365798761414951
143,144,0,1,1,1,0,0,0,0,0,0,0,0,0,0,0,0,0,0,0,0,0,0,0,0,1,0,0,0,0,0,0,0,0,1,0,1,0,0,0,0,1,0,0,0,1,0,0,0,0,0,0,0,0,1,0,0,-0.1668292682926829,-0.04538149754675735,-0.030586093920642574,-0.04231707317072875,-0.1020731707317104,-0.08361747620579384,-0.07134836631385182,0.20731707317073064,-0.2930545876887313,-0.07140853658536594,-0.04215447154471542,0.030562468889995066,0.021680216802168042,0.03286264441591787,-0.08233728639917844
144,145,0,1,1,1,0,0,0,0,0,0,0,0,0,0,0,0,0,0,0,0,0,0,0,0,1,0,0,0,0,0,0,0,0,1,0,0,0,0,0,0,1,0,0,0,1,0,0,0,0,1,0,0,0,0,0,0,-0.1668292682926829,-0.0512124013368449,-0.030586093920642574,-0.04231707317072875,0.04792682926828936,-0.06616208442922286,-0.07134836631385182,0.20731707317073064,-0.2930545876887313,-0.07140853658536594,-0.09215447154471541,-0.1327028372324539,-0.03387533875338752,-0.1513478818998716,-0.10038504966813232
145,146,1,1,1,1,0,0,0,0,0,0,0,0,0,0,0,0,0,0,0,0,0,0,0,0,1,0,0,0,0,0,0,0,0,1,0,0,0,0,0,0,1,0,0,0,1,0,0,0,0,0,0,0,0,1,0,0,-0.1668292682926829,-0.0512124013368449,-0.030586093920642574,-0.04231707317072875,0.04792682926828936,-0.01767488504985901,-0.07134836631385182,0.20731707317073064,-0.2930545876887313,-0.15265853658536593,0.028678861788617914,-0.1327028372324539,-0.03387533875338752,-0.04608472400513476,-0.05008963236015357
146,147,0,1,1,1,0,0,0,0,0,0,0,0,0,0,0,0,0,0,0,0,0,0,0,0,1,0,0,0,0,0,0,0,0,0,1,1,0,0,0,0,1,0,0,0,1,0,0,0,0,1,0,0,0,0,0,0,-0.1668292682926829,-0.0512124013368449,-0.008198034219150038,-0.04231707317072875,-0.06040650406504374,-0.10301235595753938,-0.07134836631385182,0.20731707317073064,-0.2930545876887313,-0.07140853658536594,-0.09215447154471541,-0.1327028372324539,0.0772357723577236,0.03286264441591787,-0.14432527110698837
147,148,0,1,1,1,0,0,0,0,0,0,0,0,0,0,0,0,0,0,0,0,0,0,0,0,1,0,0,0,0,0,0,0,0,0,1,1,0,0,0,0,1,0,0,0,1,0,0,0,0,0,0,0,0,1,0,0,-0.1668292682926829,-0.0512124013368449,-0.008198034219150038,-0.04231707317072875,-0.06040650406504374,-0.0390092527767791,-0.07134836631385182,0.20731707317073064,-0.2930545876887313,-0.07140853658536594,-0.04215447154471542,0.030562468889995066,-0.006097560975609737,0.006546854942233662,-0.07642894023960345
148,149,0,1,1,1,0,0,0,0,0,0,0,0,0,0,0,0,0,0,0,0,0,0,0,0,1,0,0,0,0,0,0,0,0,0,1,0,0,0,0,0,1,0,0,0,1,0,0,0,0,1,0,0,0,0,0,0,-0.1668292682926829,-0.054127853231888456,-0.006705496905717287,-0.04231707317072875,0.09792682926828948,-0.05258566860300098,-0.07134836631385182,0.20731707317073064,-0.2930545876887313,-0.07140853658536594,-0.09215447154471541,-0.1327028372324539,-0.06165311653116529,-0.04608472400513476,-0.1306715299819201
149,150,1,1,1,1,0,0,0,0,0,0,0,0,0,0,0,0,0,0,0,0,0,0,0,0,1,0,0,0,0,0,0,0,0,0,1,0,0,0,0,0,1,0,0,0,1,0,0,0,0,0,0,0,0,1,0,0,-0.1668292682926829,-0.054127853231888456,-0.006705496905717287,-0.04231707317072875,0.09792682926828948,0.0366307782550285,-0.07134836631385182,0.20731707317073064,-0.2930545876887313,-0.15265853658536593,0.028678861788617914,-0.1327028372324539,-0.06165311653116529,-0.20397946084724003,-0.03929076437941775
150,151,0,0,1,1,0,0,0,0,0,0,0,0,0,0,0,0,0,0,0,0,0,0,0,0,0,1,0,0,0,0,0,0,1,0,0,1,0,0,0,1,0,0,0,0,1,0,0,0,0,1,0,0,0,0,0,0,0.03317073170731708,-0.08911327597241331,-0.2290935566072099,-0.1923170731707291,0.06459349593495627,-0.22132112244318716,-0.13172572480441785,-0.19982578397212675,-0.10734030197444576,-0.07140853658536594,-0.17548780487804874,-0.1327028372324539,0.27168021680216803,0.21707317073170734,-0.19683011197884182
151,152,0,0,1,1,0,0,0,0,0,0,0,0,0,0,0,0,0,0,0,0,0,0,0,0,0,1,0,0,0,0,0,0,1,0,0,1,0,0,0,1,0,0,0,0,1,0,0,0,0,1,0,0,0,0,0,0,0.03317073170731708,-0.08911327597241331,-0.2290935566072099,-0.1923170731707291,0.06459349593495627,-0.1999867547162671,-0.13172572480441785,-0.19982578397212675,-0.10734030197444576,-0.07140853658536594,-0.17548780487804874,-0.1327028372324539,0.16056910569105692,0.19075738125802313,-0.17225337795371892
152,153,0,1,1,1,0,0,0,0,0,0,0,0,0,0,0,0,0,0,0,0,0,0,0,0,0,1,0,0,0,0,0,0,1,0,0,1,0,0,0,1,0,0,0,0,1,0,0,0,0,1,0,0,0,0,0,0,0.03317073170731708,-0.08911327597241331,-0.2290935566072099,-0.1923170731707291,0.06459349593495627,-0.20968419459213986,-0.13172572480441785,-0.19982578397212675,-0.10734030197444576,-0.07140853658536594,-0.17548780487804874,-0.1327028372324539,0.16056910569105692,0.19075738125802313,-0.16852963037415486
153,154,0,1,1,1,0,0,0,0,0,0,0,0,0,0,0,0,0,0,0,0,0,0,0,0,0,1,0,0,0,0,0,0,0,0,1,1,0,0,0,1,0,0,0,0,1,0,0,0,0,1,0,0,0,0,0,0,-0.1668292682926829,-0.08911327597241331,-0.06491445212959797,-0.1923170731707291,0.4479268292682897,-0.10689133190788849,-0.13172572480441785,-0.19982578397212675,-0.10734030197444576,-0.07140853658536594,-0.17548780487804874,-0.1327028372324539,0.16056910569105692,0.16444159178433893,-0.15785488731273783
154,155,0,1,1,1,0,0,0,0,0,0,0,0,0,0,0,0,0,0,0,0,0,0,0,0,0,1,0,0,0,0,0,0,0,0,1,0,0,0,0,1,0,0,0,0,1,0,0,0,0,1,0,0,0,0,0,0,-0.1668292682926829,-0.08911327597241331,-0.06491445212959797,-0.1923170731707291,0.4479268292682897,-0.10301235595753938,-0.13172572480441785,-0.19982578397212675,-0.10734030197444576,-0.07140853658536594,-0.17548780487804874,-0.1327028372324539,0.04945799457994582,0.03286264441591787,-0.13352640312625258
155,156,0,1,1,1,0,0,0,0,0,0,0,0,0,0,0,0,0,0,0,0,0,0,0,0,0,1,0,0,0,0,0,0,0,0,1,0,0,0,0,1,0,0,0,0,1,0,0,0,0,1,0,0,0,0,0,0,-0.1668292682926829,-0.08911327597241331,-0.06491445212959797,-0.1923170731707291,0.4479268292682897,0.21506367197108747,-0.13172572480441785,-0.19982578397212675,-0.10734030197444576,-0.07140853658536594,-0.17548780487804874,-0.1327028372324539,0.04945799457994582,0.03286264441591787,-0.11168041732614334
156,157,0,1,1,1,0,0,0,0,0,0,0,0,0,0,0,0,0,0,0,0,0,0,0,0,0,1,0,0,0,0,0,0,0,1,0,1,0,0,0,1,0,0,0,0,1,0,0,0,0,1,0,0,0,0,0,0,-0.1668292682926829,-0.08911327597241331,-0.11566072078631405,-0.1256504065040621,-0.06040650406504374,-0.18408295331983573,-0.10908421537045558,-0.09982578397212664,-0.10734030197444576,-0.07140853658536594,-0.14215447154471542,-0.1327028372324539,0.13279132791327916,0.16444159178433893,-0.15735838763546264
157,158,0,1,1,1,0,0,0,0,0,0,0,0,0,0,0,0,0,0,0,0,0,0,0,0,0,1,0,0,0,0,0,0,1,0,0,1,0,0,0,1,0,0,0,0,1,0,0,0,0,1,0,0,0,0,0,0,-0.1668292682926829,-0.08911327597241331,-0.11566072078631405,-0.1256504065040621,-0.07707317073171065,-0.17322182065885824,-0.10908421537045558,-0.09982578397212664,-0.10734030197444576,-0.07140853658536594,-0.14215447154471542,-0.1327028372324539,0.13279132791327916,0.16444159178433893,-0.1509038918308849
158,159,0,1,0,1,0,0,0,0,0,0,0,0,0,0,0,0,0,0,0,0,0,0,0,0,0,1,0,0,0,0,0,0,0,1,0,1,0,0,0,1,0,0,0,0,1,0,0,0,0,0,0,1,0,0,0,0,-0.1668292682926829,-0.08911327597241331,-0.11566072078631405,-0.1256504065040621,-0.06040650406504374,-0.10883081988306305,-0.06380119650253106,-0.04268292682926944,0.045040650406506746,0.772341463414634,-0.20048780487804876,-0.25515181682429067,0.24390243902439027,0.13812580231065472,-0.13352640312625258
159,160,0,1,0,1,0,0,0,0,0,0,0,0,0,0,0,0,0,0,0,0,0,0,0,0,0,1,0,0,0,0,0,0,1,0,0,1,0,0,0,1,0,0,0,0,1,0,0,0,0,0,0,1,0,0,0,0,-0.1668292682926829,-0.08911327597241331,-0.11566072078631405,-0.1256504065040621,-0.07707317073171065,-0.10883081988306305,-0.06380119650253106,-0.04268292682926944,0.045040650406506746,0.772341463414634,-0.20048780487804876,-0.25515181682429067,0.3550135501355014,0.427599486521181,-0.13625715135126623
160,161,0,1,1,1,0,0,0,0,0,0,0,0,0,0,0,0,0,0,0,0,0,0,0,0,0,1,0,0,0,0,0,0,0,1,0,1,0,0,0,1,0,0,0,0,1,0,0,0,0,1,0,0,0,0,0,0,-0.1668292682926829,-0.08911327597241331,-0.11566072078631405,-0.1256504065040621,-0.06040650406504374,-0.1790402845843819,-0.10908421537045558,-0.09982578397212664,-0.10734030197444576,-0.07140853658536594,-0.14215447154471542,-0.1327028372324539,0.3550135501355014,0.427599486521181,-0.13749840054445425
161,162,0,1,1,1,0,0,0,0,0,0,0,0,0,0,0,0,0,0,0,0,0,0,0,0,0,1,0,0,0,0,0,0,1,0,0,1,0,0,0,1,0,0,0,0,1,0,0,0,0,1,0,0,0,0,0,0,-0.1668292682926829,-0.08911327597241331,-0.11566072078631405,-0.1256504065040621,-0.07707317073171065,-0.16817915192340438,-0.10908421537045558,-0.09982578397212664,-0.10734030197444576,-0.07140853658536594,-0.14215447154471542,-0.1327028372324539,0.0772357723577236,0.0854942233632863,-0.12210691054892274
162,163,0,1,1,1,0,0,0,0,0,0,0,0,0,0,0,0,0,0,0,0,0,0,0,0,0,1,0,0,0,0,0,0,0,1,0,1,0,0,0,1,0,0,0,0,1,0,0,0,0,1,0,0,0,0,0,0,-0.1668292682926829,-0.08911327597241331,-0.11566072078631405,-0.1256504065040621,-0.07707317073171065,-0.161196995212776,-0.10908421537045558,-0.09982578397212664,-0.10734030197444576,-0.07140853658536594,-0.14215447154471542,-0.1327028372324539,0.0772357723577236,0.0854942233632863,-0.0997644250715383
163,164,0,0,1,1,0,0,0,0,0,0,0,0,0,0,0,0,0,0,0,0,0,0,0,0,0,1,0,0,0,0,0,0,0,1,0,0,1,0,0,1,0,0,0,0,1,0,0,0,0,1,0,0,0,0,0,0,0.03317073170731708,-0.12409869871293816,-0.07983982526392633,-0.1589837398373959,-0.09373983739837695,-0.14994796495676357,-0.10908421537045558,-0.09982578397212664,-0.10734030197444576,-0.07140853658536594,-0.14215447154471542,-0.1327028372324539,0.10501355013550137,0.0854942233632863,-0.12955440570805088
164,165,0,0,1,1,0,0,0,0,0,0,0,0,0,0,0,0,0,0,0,0,0,0,0,0,0,1,0,0,0,0,0,0,1,0,0,0,1,0,0,1,0,0,0,0,1,0,0,0,0,1,0,0,0,0,0,0,0.03317073170731708,-0.12409869871293816,-0.07983982526392633,-0.1589837398373959,-0.09373983739837695,-0.1363715491305417,-0.10908421537045558,-0.09982578397212664,-0.10734030197444576,-0.07140853658536594,-0.14215447154471542,-0.1327028372324539,0.10501355013550137,0.0854942233632863,-0.12508590861257401
165,166,0,0,1,1,0,0,0,0,0,0,0,0,0,0,0,0,0,0,0,0,0,0,0,0,0,1,0,0,0,0,0,0,0,1,0,0,1,0,0,0,0,0,0,0,1,0,0,0,0,0,0,0,0,1,0,0,0.03317073170731708,-0.12409869871293816,-0.07983982526392633,-0.1589837398373959,-0.09373983739837695,-0.11270979583341215,-0.10908421537045558,-0.06411149825784074,-0.08353077816492183,-0.04640853658536592,0.03284552845528458,0.6019910403185665,0.021680216802168042,-0.04608472400513476,-0.09877142571698788
166,167,0,0,1,1,0,0,0,0,0,0,0,0,0,0,0,0,0,0,0,0,0,0,0,0,0,1,0,0,0,0,0,0,1,0,0,0,1,0,0,0,0,0,0,0,1,0,0,0,0,0,0,0,0,1,0,0,0.03317073170731708,-0.12409869871293816,-0.07983982526392633,-0.1589837398373959,-0.09373983739837695,-0.09913338000719027,-0.10908421537045558,-0.06411149825784074,-0.08353077816492183,-0.04640853658536592,0.03284552845528458,0.6019910403185665,0.021680216802168042,-0.04608472400513476,-0.09281342958968537
167,168,0,0,1,1,0,0,0,0,0,0,0,0,0,0,0,0,0,0,0,0,0,0,0,0,0,1,0,0,0,0,0,1,0,0,0,0,1,0,0,1,0,0,0,0,1,0,0,0,0,0,0,0,0,1,0,0,0.2331707317073171,-0.010396074806232497,0.03210047324353636,-0.025650406504063028,-0.14373983739837706,-0.006037957198811686,0.07204786010124252,0.20731707317073064,0.11646922183507813,-0.0526585365853659,0.04951219512195125,-0.1327028372324539,-0.03387533875338752,-0.01976893453145055,-0.11984783701732053
168,169,0,0,1,1,0,0,0,0,0,0,0,0,0,0,0,0,0,0,0,0,0,0,0,0,0,1,0,0,0,0,0,1,0,0,0,0,1,0,0,1,0,0,0,0,1,0,0,0,0,0,0,0,0,1,0,0,0.2331707317073171,-0.010396074806232497,0.03210047324353636,-0.025650406504063028,-0.14373983739837706,-0.007589547578951329,0.07204786010124252,0.20731707317073064,0.11646922183507813,-0.0526585365853659,0.04951219512195125,-0.1327028372324539,-0.03387533875338752,-0.01976893453145055,-0.09030610621944556
169,170,0,0,1,1,0,0,0,0,0,0,0,0,0,0,0,0,0,0,0,0,0,0,0,0,0,1,0,0,0,0,0,0,1,0,0,0,1,0,0,1,0,0,0,0,1,0,0,0,0,0,0,0,0,1,0,0,0.2331707317073171,-0.010396074806232497,0.03210047324353636,-0.025650406504063028,-0.14373983739837706,-0.001771083653427667,0.07204786010124252,0.20731707317073064,0.11646922183507813,-0.0526585365853659,0.04951219512195125,-0.1327028372324539,-0.03387533875338752,-0.01976893453145055,-0.08161736186712938
170,171,0,0,1,1,0,0,0,0,0,0,0,0,0,0,0,0,0,0,0,0,0,0,0,0,0,1,0,0,0,0,0,1,0,0,0,0,1,0,0,1,0,0,0,0,1,0,0,0,0,0,0,0,0,1,0,0,0.2331707317073171,-0.010396074806232497,0.03210047324353636,-0.025650406504063028,-0.14373983739837706,0.047879808511040914,0.07204786010124252,0.20731707317073064,0.11646922183507813,-0.0526585365853659,0.04951219512195125,-0.1327028372324539,-0.03387533875338752,-0.01976893453145055,-0.05157913139197919
171,172,0,0,1,1,0,0,0,0,0,0,0,0,0,0,0,0,0,0,0,0,0,0,0,0,0,1,0,0,0,0,0,0,1,0,0,0,1,0,0,1,0,0,0,0,1,0,0,0,0,0,0,0,0,1,0,0,0.2331707317073171,-0.010396074806232497,0.03210047324353636,-0.025650406504063028,-0.14373983739837706,0.06145622433726279,0.07204786010124252,0.20731707317073064,0.11646922183507813,-0.0526585365853659,0.04951219512195125,-0.1327028372324539,-0.03387533875338752,-0.01976893453145055,-0.042890387039663025
172,173,0,0,1,1,0,0,0,0,0,0,0,0,0,0,0,0,0,0,0,0,0,0,0,0,0,1,0,0,0,0,0,0,0,0,0,0,1,0,0,1,0,0,0,0,1,0,0,0,0,0,0,0,0,1,0,0,0.2331707317073171,-0.010396074806232497,0.03210047324353636,-0.025650406504063028,-0.06040650406504374,0.1626974966413745,0.07204786010124252,0.20731707317073064,0.11646922183507813,-0.0526585365853659,0.04951219512195125,-0.1327028372324539,-0.03387533875338752,-0.01976893453145055,0.10903851420655117
173,174,0,1,1,1,0,0,0,0,0,0,0,0,0,0,0,0,0,0,0,0,0,0,0,0,0,1,0,0,0,0,0,0,0,1,0,1,0,0,0,1,0,0,0,0,1,0,0,0,0,0,0,0,0,1,0,0,-0.3668292682926829,0.10622200099551674,0.023145249362939428,0.04934959349593745,0.09792682926828948,-0.0890480425362826,-0.01851817763460653,-0.014111498257840844,0.1355168408826972,-0.09015853658536599,-0.05048780487804875,-0.37760079641612737,0.10501355013550137,0.0854942233632863,-0.10746017006930406
174,175,1,1,0,1,0,0,0,0,0,0,0,0,0,0,0,0,0,0,0,0,0,0,0,0,0,1,0,0,0,0,0,0,0,1,0,1,0,0,0,1,0,0,0,0,1,0,0,0,0,0,0,1,0,0,0,0,-0.3668292682926829,0.10622200099551674,0.023145249362939428,0.04934959349593745,0.09792682926828948,-0.029311812900906332,-0.06380119650253106,-0.04268292682926944,0.045040650406506746,0.772341463414634,-0.1296544715447154,-0.25515181682429067,0.13279132791327916,0.05917843388960208,-0.0640164483077232
175,176,0,1,1,1,0,0,0,0,0,0,0,0,0,0,0,0,0,0,0,0,0,0,0,0,0,1,0,0,0,0,0,0,1,0,0,1,0,0,0,1,0,0,0,0,1,0,0,0,0,0,0,0,0,1,0,0,-0.3668292682926829,0.10622200099551674,0.023145249362939428,0.04934959349593745,0.014593495934956143,-0.05491305417321044,-0.01851817763460653,-0.014111498257840844,0.1355168408826972,-0.09015853658536599,-0.05048780487804875,-0.37760079641612737,0.04945799457994582,0.03286264441591787,-0.08164218685099314
176,177,0,1,1,1,0,0,0,0,0,0,0,0,0,0,0,0,0,0,0,0,0,0,0,0,0,1,0,0,0,0,0,0,0,1,0,1,0,0,0,1,0,0,0,0,1,0,0,0,0,0,0,0,0,1,0,0,-0.3668292682926829,0.10622200099551674,0.023145249362939428,0.04934959349593745,0.09792682926828948,-0.05491305417321044,-0.01851817763460653,-0.014111498257840844,0.1355168408826972,-0.09015853658536599,-0.05048780487804875,-0.37760079641612737,0.04945799457994582,0.03286264441591787,-0.0590514515349711
177,178,0,1,1,1,0,0,0,0,0,0,0,0,0,0,0,0,0,0,0,0,0,0,0,0,0,1,0,0,0,0,0,0,1,0,0,1,0,0,0,1,0,0,0,0,1,0,0,0,0,0,0,0,0,1,0,0,-0.3668292682926829,0.10622200099551674,0.023145249362939428,0.04934959349593745,0.014593495934956143,-0.03784555999167437,-0.01851817763460653,-0.014111498257840844,0.1355168408826972,-0.09015853658536599,-0.05048780487804875,-0.37760079641612737,0.04945799457994582,0.03286264441591787,-0.05036270718265493
178,179,0,0,1,1,0,0,0,0,0,0,0,0,0,0,0,0,0,0,0,0,0,0,0,0,0,1,0,0,0,0,0,0,1,0,0,0,1,0,0,0,0,0,0,0,0,1,0,0,0,0,0,0,0,1,0,0,0.4331707317073171,0.12079926047073539,0.14105569712413354,0.14934959349593768,-0.14373983739837706,0.16308539423640941,0.16638748274275195,-0.04268292682926944,0.045040650406506746,-0.0526585365853659,0.23701219512195124,0.030562468889995066,-0.14498644986449863,-0.17766367137355582,0.08145795713391327
179,180,0,0,1,1,0,0,0,0,0,0,0,0,0,0,0,0,0,0,0,0,0,0,0,0,0,1,0,0,0,0,0,0,1,0,0,0,1,0,0,0,0,0,0,0,0,1,0,0,0,0,0,0,0,1,0,0,0.4331707317073171,0.12079926047073539,0.14105569712413354,0.14934959349593768,-0.14373983739837706,0.17860129803780586,0.16638748274275195,-0.04268292682926944,0.045040650406506746,-0.0526585365853659,0.23701219512195124,0.030562468889995066,-0.1727642276422764,-0.17766367137355582,0.06755596617020738
180,181,0,1,1,1,0,0,0,0,0,0,0,0,0,0,0,0,0,0,0,0,0,0,0,0,0,1,0,0,0,0,0,0,0,1,0,0,1,0,0,0,0,0,0,0,0,1,0,0,0,0,0,0,0,1,0,0,-0.3668292682926829,0.16744649079143492,0.20523480160174565,0.04934959349593745,0.031260162601623044,0.22320952146682058,0.16638748274275195,-0.04268292682926944,0.045040650406506746,-0.05890853658536599,0.21617886178861792,0.030562468889995066,-0.14498644986449863,-0.17766367137355582,0.05990987114016916
181,182,0,1,1,1,0,0,0,0,0,0,0,0,0,0,0,0,0,0,0,0,0,0,0,0,0,0,1,0,0,0,0,0,0,0,1,0,1,0,0,0,0,0,0,0,0,1,0,0,0,0,0,0,0,1,0,0,-0.3668292682926829,0.16744649079143492,0.20523480160174565,0.04934959349593745,0.031260162601623044,0.2309674733675188,0.12865163368614818,-0.04268292682926944,0.045040650406506746,-0.05890853658536599,0.21617886178861792,0.030562468889995066,-0.1727642276422764,-0.17766367137355582,0.06139937017199479
182,183,0,0,0,1,0,0,0,0,0,0,0,0,0,0,0,0,0,0,0,0,0,0,0,0,0,0,0,1,0,0,0,0,0,1,0,1,0,0,0,1,0,0,0,0,1,0,0,0,0,0,0,1,0,0,0,0,0.2331707317073171,-0.04246604565171378,-0.03506370586094125,-0.03398373983739589,0.1645934959349565,-0.1142613862135518,-0.11285780027611597,-0.22839721254355533,0.06885017421603047,0.803591463414634,-0.21715447154471543,-0.1327028372324539,0.3272357723577236,0.40128369704749683,-0.1365798761414951
183,184,0,0,1,1,0,0,0,0,0,0,0,0,0,0,0,0,0,0,0,0,0,0,0,0,0,0,0,0,1,0,0,0,0,1,0,1,0,0,0,1,0,0,0,0,1,0,0,0,0,0,0,0,0,1,0,0,0.2331707317073171,-0.04246604565171378,-0.03506370586094125,-0.03398373983739589,0.1645934959349565,-0.13443206115536716,-0.06757478140819144,-0.09982578397212664,0.06885017421603047,-0.07140853658536594,-0.07965447154471542,0.05097063215530119,0.04945799457994582,0.0854942233632863,-0.131614879368743
184,185,0,1,0,1,0,0,0,0,0,0,0,0,0,0,0,0,0,0,0,0,0,0,0,0,0,0,0,0,1,0,0,0,0,1,0,1,0,0,0,1,0,0,0,0,1,0,0,0,0,0,0,1,0,0,0,0,0.2331707317073171,-0.04246604565171378,-0.03506370586094125,-0.03398373983739589,0.1645934959349565,-0.11309769342844707,-0.11285780027611597,-0.22839721254355533,0.06885017421603047,0.803591463414634,-0.21715447154471543,-0.1327028372324539,0.3272357723577236,0.40128369704749683,-0.1311183796914678
185,186,0,1,1,1,0,0,0,0,0,0,0,0,0,0,0,0,0,0,0,0,0,0,0,0,0,0,0,0,1,0,0,0,0,1,0,1,0,0,0,1,0,0,0,0,1,0,0,0,0,0,0,0,0,1,0,0,0.2331707317073171,-0.04246604565171378,-0.03506370586094125,-0.03398373983739589,0.1645934959349565,-0.13326836837026243,-0.06757478140819144,-0.09982578397212664,0.06885017421603047,-0.07140853658536594,-0.07965447154471542,0.05097063215530119,0.04945799457994582,0.0854942233632863,-0.1261533829187157
186,187,0,1,1,1,0,0,0,0,0,0,0,0,0,0,0,0,0,0,0,0,0,0,0,0,0,0,0,0,1,0,0,0,0,1,0,1,0,0,0,1,0,0,0,0,1,0,0,0,0,0,0,0,0,1,0,0,0.2331707317073171,-0.04246604565171378,-0.03506370586094125,-0.03398373983739589,0.1645934959349565,-0.10883081988306305,-0.06757478140819144,-0.09982578397212664,0.06885017421603047,-0.07140853658536594,-0.07965447154471542,0.05097063215530119,0.04945799457994582,0.0854942233632863,-0.11870588775958756
187,188,1,1,0,1,0,0,0,0,0,0,0,0,0,0,0,0,0,0,0,0,0,0,0,0,0,0,0,0,1,0,0,0,0,1,0,1,0,0,0,1,0,0,0,0,1,0,0,0,0,0,0,1,0,0,0,0,0.2331707317073171,-0.04246604565171378,-0.03506370586094125,-0.03398373983739589,0.1645934959349565,-0.09176332570152697,-0.11285780027611597,-0.22839721254355533,0.06885017421603047,0.803591463414634,-0.15048780487804875,-0.25515181682429067,0.3272357723577236,0.29602053915276,-0.09388090389582707
188,189,0,1,1,1,0,0,0,0,0,0,0,0,0,0,0,0,0,0,0,0,0,0,0,0,0,0,0,0,1,0,0,0,0,1,0,1,0,0,0,1,0,0,0,0,1,0,0,0,0,0,0,0,0,1,0,0,0.2331707317073171,-0.04246604565171378,-0.03506370586094125,-0.03398373983739589,0.1645934959349565,-0.09913338000719027,-0.06757478140819144,-0.09982578397212664,0.06885017421603047,-0.008908536585365945,-0.01715447154471542,0.1530114484818318,0.021680216802168042,0.03286264441591787,-0.08146841196394683
189,190,0,0,1,1,0,0,0,0,0,0,0,0,0,0,0,0,0,0,0,0,0,0,0,0,0,0,0,0,0,0,1,0,0,0,0,1,0,0,0,1,0,0,0,0,1,0,0,0,0,0,0,0,0,1,0,0,0.4331707317073171,-0.12409869871293816,-0.22013833272661257,-0.14231707317072897,0.15626016260162304,-0.11697666937879617,-0.06757478140819144,-0.09982578397212664,0.06885017421603047,-0.10265853658536594,-0.05882113821138209,0.1530114484818318,-0.03387533875338752,-0.04608472400513476,-0.04174843778193004
190,191,0,0,1,1,0,0,0,0,0,0,0,0,0,0,0,0,0,0,0,0,0,0,0,0,0,0,0,0,0,0,1,0,1,0,0,1,0,0,0,1,0,0,0,0,1,0,0,0,0,0,0,0,0,1,0,0,0.4331707317073171,-0.12409869871293816,-0.12461594466691141,-0.1589837398373959,-0.1937398373983772,-0.12977729001494823,-0.06757478140819144,-0.09982578397212664,0.06885017421603047,-0.10265853658536594,-0.05882113821138209,0.1530114484818318,-0.03387533875338752,-0.04608472400513476,-0.08184078672190323
191,192,0,1,1,1,0,0,0,0,0,0,0,0,0,0,0,0,0,0,0,0,0,0,0,0,0,0,0,0,1,0,0,0,0,1,0,1,0,0,0,1,0,0,0,1,0,0,0,0,0,0,0,0,0,1,0,0,-0.1668292682926829,0.047912963094642116,0.09180196578084979,0.08268292682927125,0.11459349593495638,0.04089765180041252,0.034312011044638754,-0.09982578397212664,0.06885017421603047,-0.10265853658536594,0.024512195121951248,0.1530114484818318,-0.1727642276422764,-0.17766367137355582,0.0004540347864627884
192,193,1,1,0,1,0,0,0,0,0,0,0,0,0,0,0,0,0,0,0,0,0,0,0,0,0,0,0,0,1,0,0,0,0,1,0,1,0,0,0,1,0,0,0,0,1,0,0,0,0,0,0,1,0,0,0,0,-0.1668292682926829,0.047912963094642116,0.09180196578084979,0.08268292682927125,0.11459349593495638,0.009090049007549835,-0.11285780027611597,-0.22839721254355533,0.06885017421603047,0.803591463414634,-0.15048780487804875,-0.25515181682429067,0.21612466124661248,0.19075738125802313,0.014107775911531057
193,194,0,1,1,1,0,0,0,0,0,0,0,0,0,0,0,0,0,0,0,0,0,0,0,0,0,0,0,0,1,0,0,0,0,0,1,1,0,0,0,1,0,0,0,0,1,0,0,0,0,0,0,0,0,1,0,0,-0.1668292682926829,0.047912963094642116,0.1350855478704021,0.08268292682927125,0.11459349593495638,0.002883687486991262,-0.06757478140819144,-0.09982578397212664,0.06885017421603047,-0.07140853658536594,-0.06715447154471542,0.1530114484818318,-0.006097560975609737,0.006546854942233662,-0.024495073996616504
194,195,0,1,1,1,0,0,0,0,0,0,0,0,0,0,0,0,0,0,0,0,0,0,0,0,0,0,0,0,0,1,0,0,0,1,0,0,1,0,0,1,0,0,0,0,1,0,0,0,0,0,0,0,0,1,0,0,-0.5668292682926829,0.16161558700134737,0.22016017473607402,0.10768292682927101,0.20626016260162316,0.13825994815417514,0.05317993557294064,0.3216027874564447,-0.05019744483158857,-0.040158536585365945,0.04117886178861792,0.11219512195121956,-0.06165311653116529,-0.07240051347881897,-0.008358834485172184
195,196,0,1,1,1,0,0,0,0,0,0,0,0,0,0,0,0,0,0,0,0,0,0,0,0,0,0,0,0,0,1,0,0,0,0,1,0,1,0,0,1,0,0,0,0,1,0,0,0,0,0,0,0,0,1,0,0,-0.3668292682926829,0.16161558700134737,0.22016017473607402,0.10768292682927101,0.3145934959349563,0.18558345474843424,0.05317993557294064,0.3216027874564447,-0.05019744483158857,-0.040158536585365945,0.04117886178861792,0.11219512195121956,-0.06165311653116529,-0.07240051347881897,0.0034330328501140472
196,197,0,1,1,1,0,0,0,0,0,0,0,0,0,0,0,0,0,0,0,0,0,0,0,0,0,0,0,0,0,1,0,0,0,1,0,0,1,0,0,1,0,0,0,0,1,0,0,0,0,0,0,0,0,1,0,0,-0.5668292682926829,0.16161558700134737,0.22016017473607402,0.10768292682927101,0.20626016260162316,0.1471815928399781,0.05317993557294064,0.3216027874564447,-0.05019744483158857,-0.040158536585365945,0.04117886178861792,0.11219512195121956,-0.03387533875338752,-0.07240051347881897,0.0672332413799785
197,198,0,1,1,1,0,0,0,0,0,0,0,0,0,0,0,0,0,0,0,0,0,0,0,0,0,0,0,0,0,1,0,0,0,0,1,0,1,0,0,1,0,0,0,0,1,0,0,0,0,0,0,0,0,1,0,0,-0.3668292682926829,0.16161558700134737,0.22016017473607402,0.10768292682927101,0.3145934959349563,0.18868663550871353,0.05317993557294064,0.3216027874564447,-0.05019744483158857,-0.040158536585365945,0.04117886178861792,0.11219512195121956,-0.03387533875338752,-0.07240051347881897,0.08039048282777156
198,199,1,1,1,1,0,0,0,0,0,0,0,0,0,0,0,0,0,0,0,0,0,0,0,0,0,0,0,0,0,1,0,0,0,1,0,0,1,0,0,1,0,0,0,0,1,0,0,0,0,0,0,0,0,1,0,0,-0.5668292682926829,0.16161558700134737,0.22016017473607402,0.10768292682927101,0.20626016260162316,0.18985032829381826,0.011670501610676488,0.20731707317073064,-0.05019744483158857,-0.16515853658536594,0.24117886178861792,-0.010253857640617177,-0.22831978319783197,-0.23029525032092424,0.12768207708823529
199,200,1,1,1,1,0,0,0,0,0,0,0,0,0,0,0,0,0,0,0,0,0,0,0,0,0,0,0,0,0,1,0,0,0,0,1,0,1,0,0,1,0,0,0,0,1,0,0,0,0,0,0,0,0,1,0,0,-0.3668292682926829,0.16161558700134737,0.22016017473607402,0.10768292682927101,0.3145934959349563,0.23329485893772828,0.011670501610676488,0.20731707317073064,-0.05019744483158857,-0.16515853658536594,0.24117886178861792,-0.010253857640617177,-0.22831978319783197,-0.23029525032092424,0.14083931853602835
200,201,0,1,1,1,0,0,0,0,0,0,0,0,0,0,0,0,0,0,0,0,0,0,0,0,0,0,0,0,0,1,0,0,0,1,0,0,1,0,0,1,0,0,0,0,1,0,0,0,0,0,0,0,0,1,0,0,-0.3668292682926829,0.3015572779634464,0.22016017473607402,0.2493495934959379,0.1479268292682896,0.15377585195557156,0.05317993557294064,0.3216027874564447,-0.05019744483158857,-0.040158536585365945,0.04117886178861792,0.11219512195121956,-0.06165311653116529,-0.07240051347881897,0.08858272750281253
201,202,1,1,1,1,0,0,0,0,0,0,0,0,0,0,0,0,0,0,0,0,0,0,0,0,0,0,0,0,0,1,0,0,0,1,0,0,1,0,0,1,0,0,0,0,1,0,0,0,0,0,0,0,0,1,0,0,-0.3668292682926829,0.3015572779634464,0.22016017473607402,0.24101626016260388,0.1479268292682896,0.1914019186739579,0.05317993557294064,0.3216027874564447,-0.05019744483158857,-0.09015853658536599,0.23284552845528458,0.07137879542060731,-0.1727642276422764,-0.1513478818998716,0.1431976920030856
202,203,0,1,1,1,0,0,0,0,0,0,0,0,0,0,0,0,0,0,0,0,0,0,0,0,0,0,0,0,0,1,0,0,0,1,0,0,1,0,0,0,0,1,0,0,0,1,0,0,0,0,0,0,0,1,0,0,-0.3668292682926829,0.3015572779634464,0.22016017473607402,0.2493495934959379,0.1479268292682896,0.1770497076576662,0.17393465255407273,0.17874564459930203,-0.1835307781649218,-0.0839085365853659,0.12451219512195125,0.1530114484818318,-0.20054200542005418,-0.20397946084724003,0.2037706526306612
203,204,1,1,0,1,0,0,0,0,0,0,0,0,0,0,0,0,0,0,0,0,0,0,0,0,0,0,0,0,0,1,0,0,0,1,0,0,1,0,0,1,0,0,0,0,0,1,0,0,0,0,0,1,0,0,0,0,-0.3668292682926829,0.3015572779634464,0.22016017473607402,0.2493495934959379,0.1479268292682896,0.2565687146398229,0.06827427519558214,-0.22839721254355533,0.06885017421603047,0.803591463414634,0.007845528455284582,-0.1327028372324539,0.021680216802168042,-0.09871630295250318,0.22822326173646526
204,205,1,1,1,1,0,0,0,0,0,0,0,0,0,0,0,0,0,0,0,0,0,0,0,0,0,0,0,0,0,1,0,0,0,1,0,0,1,0,0,1,0,0,0,0,1,0,0,0,0,0,0,0,0,1,0,0,-0.3668292682926829,0.3015572779634464,0.22016017473607402,0.2493495934959379,0.1479268292682896,0.19644458740941173,0.05317993557294064,0.3216027874564447,-0.05019744483158857,-0.040158536585365945,0.04117886178861792,0.11219512195121956,-0.1727642276422764,-0.1513478818998716,0.23207113423534814
